6.95293e-310,0,0,0,0.1,0,0
0.01,0,0,0.00100082,0.100245,0,1e-07
0.02,0,0,0.00200654,0.100982,0,0.00100092
0.03,0,0,0.00302211,0.102215,0,0.00200664
0.04,0,0,0.0040525,0.103948,0,0.00302221
0.05,0,0,0.00510277,0.106192,0,0.00405261
0.06,0,0,0.00617807,0.108956,0,0.00510288
0.07,0,0,0.00728368,0.112255,0,0.00617818
0.08,0,0,0.00842501,0.116105,0,0.00728379
0.09,0,0,0.00960767,0.120524,0,0.00842513
0.1,0,0,0.0108375,0.125534,0,0.00960779
0.11,0,0,0.0121204,0.13116,0,0.0108376
0.12,0,0,0.0134628,0.13743,0,0.0121205
0.13,0,0,0.0148712,0.144373,0,0.0134629
0.14,0,0,0.0163526,0.152025,0,0.0148714
0.15,0,0,0.0179142,0.160422,0,0.0163528
0.16,0,0,0.0195637,0.169606,0,0.0179144
0.17,0,0,0.0213091,0.179622,0,0.0195638
0.18,0,0,0.023159,0.190518,0,0.0213093
0.19,0,0,0.0251226,0.202349,0,0.0231592
0.2,0,0,0.0272093,0.215173,0,0.0251228
0.21,0,0,0.0294295,0.229051,0,0.0272095
0.22,0,0,0.0317941,0.244052,0,0.0294298
0.23,0,0,0.0343145,0.26025,0,0.0317943
0.24,0,0,0.0370033,0.277724,0,0.0343148
0.25,0,0,0.0398736,0.296559,0,0.0370036
0.26,0,0,0.0429393,0.316848,0,0.0398738
0.27,0,0,0.0462157,0.33869,0,0.0429396
0.28,0,0,0.0497186,0.362191,0,0.046216
0.29,0,0,0.0534654,0.387467,0,0.049719
0.3,0,0,0.0574743,0.41464,0,0.0534658
0.31,0,0,0.0617649,0.443844,0,0.0574747
0.32,0,0,0.0663584,0.475221,0,0.0617654
0.33,0,0,0.0712771,0.508924,0,0.0663588
0.34,0,0,0.0765451,0.545117,0,0.0712776
0.35,0,0,0.0821883,0.583977,0,0.0765457
0.36,0,0,0.0882341,0.625691,0,0.0821888
0.37,0,0,0.0947122,0.670462,0,0.0882347
0.38,0,0,0.101654,0.718507,0,0.0947129
0.39,0,0,0.109094,0.770059,0,0.101655
0.4,0,0,0.117068,0.825365,0,0.109095
0.41,0,0,0.125615,0.884692,0,0.117069
0.42,0,0,0.134776,0.948325,0,0.125616
0.43,0,0,0.144596,1.01657,0,0.134777
0.44,0,0,0.155124,1.08974,0,0.144597
0.45,0,0,0.166409,1.1682,0,0.155125
0.46,0,0,0.178506,1.25231,0,0.16641
0.47,0,0,0.191475,1.34246,0,0.178508
0.48,0,0,0.205377,1.43908,0,0.191476
0.49,0,0,0.22028,1.54261,0,0.205379
0.5,0,0,0.236254,1.65352,0,0.220281
0.51,0,0,0.253376,1.77232,0,0.236255
0.52,0,0,0.271728,1.89953,0,0.253378
0.53,0,0,0.291396,2.03571,0,0.27173
0.54,0,0,0.312474,2.18146,0,0.291399
0.55,0,0,0.33506,2.33739,0,0.312476
0.56,0,0,0.359258,2.50415,0,0.335062
0.57,0,0,0.385181,2.6824,0,0.35926
0.58,0,0,0.412946,2.87284,0,0.385183
0.59,0,0,0.44268,3.07619,0,0.412949
0.6,0,0,0.474515,3.29317,0,0.442683
0.61,0,0,0.508591,3.52451,0,0.474519
0.62,0,0,0.545056,3.77094,0,0.508595
0.63,0,0,0.584063,4.03318,0,0.545059
0.64,0,0,0.625774,4.31192,0,0.584067
0.65,0,0,0.670358,4.60778,0,0.625778
0.66,0,0,0.717988,4.92134,0,0.670362
0.67,0,0,0.768845,5.25307,0,0.717993
0.68,0,0,0.823111,5.60329,0,0.76885
0.69,0,0,0.880972,5.97217,0,0.823117
0.7,0,0,0.942616,6.35967,0,0.880978
0.71,0,0,1.00823,6.76547,0,0.942622
0.72,0,0,1.07798,7.18893,0,1.00823
0.73,0,0,1.15206,7.62903,0,1.07799
0.74,0,0,1.23061,8.0843,0,1.15207
0.75,0,0,1.31379,8.55274,0,1.23062
0.76,0,0,1.4017,9.03179,0,1.3138
0.77,0,0,1.49445,9.51824,0,1.40171
0.78,0,0,1.59208,10.0082,0,1.49446
0.79,0,0,1.69461,10.497,0,1.59209
0.8,0,0,1.802,10.9795,0,1.69462
0.81,0,0,1.91416,11.4495,0,1.80201
0.82,0,0,2.03093,11.9006,0,1.91417
0.83,0,0,2.15208,12.3258,0,2.03094
0.84,0,0,2.27733,12.7178,0,2.15209
0.85,0,0,2.4063,13.0693,0,2.27734
0.86,0,0,2.53856,13.3733,0,2.40632
0.87,0,0,2.67359,13.6235,0,2.53857
0.88,0,0,2.81083,13.814,0,2.6736
0.89,0,0,2.94966,13.9407,0,2.81084
0.9,0,0,3.08942,14.0004,0,2.94967
0.91,0,0,-3.05375,13.9916,0,3.08943
0.92,0,0,-2.91416,13.9147,0,-3.05374
0.93,0,0,-2.77568,13.7714,0,-2.91415
0.94,0,0,-2.63894,13.5652,0,-2.77566
0.95,0,0,-2.50457,13.3008,0,-2.63893
0.96,0,0,-2.3731,12.984,0,-2.50455
0.97,0,0,-2.24504,12.6215,0,-2.37309
0.98,0,0,-2.1208,12.2203,0,-2.24503
0.99,0,0,-2.00074,11.7879,0,-2.12079
1,0,0,-1.88512,11.3313,0,-2.00072
1.01,0,0,-1.77417,10.8575,0,-1.88511
1.02,0,0,-1.66801,10.3729,0,-1.77416
1.03,0,0,-1.56673,9.88327,0,-1.668
1.04,0,0,-1.47034,9.39381,0,-1.56672
1.05,0,0,-1.37883,8.90891,0,-1.47033
1.06,0,0,-1.29214,8.43228,0,-1.37883
1.07,0,0,-1.21015,7.96698,0,-1.29213
1.08,0,0,-1.13275,7.51541,0,-1.21014
1.09,0,0,-1.05979,7.07943,0,-1.13274
1.1,0,0,-0.991105,6.66039,0,-1.05978
1.11,0,0,-0.926522,6.25922,0,-0.991098
1.12,0,0,-0.865859,5.87644,0,-0.926516
1.13,0,0,-0.808931,5.51232,0,-0.865853
1.14,0,0,-0.75555,5.16684,0,-0.808925
1.15,0,0,-0.705532,4.83979,0,-0.755545
1.16,0,0,-0.658694,4.53079,0,-0.705527
1.17,0,0,-0.614857,4.23936,0,-0.658689
1.18,0,0,-0.57385,3.96489,0,-0.614853
1.19,0,0,-0.535505,3.70676,0,-0.573846
1.2,0,0,-0.499662,3.46425,0,-0.535501
1.21,0,0,-0.46617,3.23665,0,-0.499659
1.22,0,0,-0.434882,3.02322,0,-0.466167
1.23,0,0,-0.40566,2.82324,0,-0.434879
1.24,0,0,-0.378374,2.63599,0,-0.405658
1.25,0,0,-0.3529,2.46074,0,-0.378372
1.26,0,0,-0.329122,2.29682,0,-0.352898
1.27,0,0,-0.306928,2.14356,0,-0.329119
1.28,0,0,-0.286217,2.00032,0,-0.306926
1.29,0,0,-0.26689,1.8665,0,-0.286215
1.3,0,0,-0.248857,1.7415,0,-0.266888
1.31,0,0,-0.232033,1.62478,0,-0.248856
1.32,0,0,-0.216336,1.51582,0,-0.232031
1.33,0,0,-0.201692,1.41412,0,-0.216334
1.34,0,0,-0.188031,1.31921,0,-0.20169
1.35,0,0,-0.175286,1.23067,0,-0.188029
1.36,0,0,-0.163397,1.14806,0,-0.175285
1.37,0,0,-0.152306,1.07101,0,-0.163396
1.38,0,0,-0.14196,0.999159,0,-0.152305
1.39,0,0,-0.132307,0.932156,0,-0.141959
1.4,0,0,-0.123301,0.869685,0,-0.132306
1.41,0,0,-0.114899,0.811448,0,-0.123301
1.42,0,0,-0.107059,0.757165,0,-0.114898
1.43,0,0,-0.0997436,0.706574,0,-0.107059
1.44,0,0,-0.0929163,0.659433,0,-0.0997428
1.45,0,0,-0.0865441,0.615512,0,-0.0929156
1.46,0,0,-0.080596,0.574599,0,-0.0865435
1.47,0,0,-0.0750427,0.536496,0,-0.0805954
1.48,0,0,-0.0698573,0.501016,0,-0.0750422
1.49,0,0,-0.0650142,0.467989,0,-0.0698568
1.5,0,0,-0.0604898,0.437252,0,-0.0650137
1.51,0,0,-0.056262,0.408656,0,-0.0604894
1.52,0,0,-0.05231,0.382062,0,-0.0562616
1.53,0,0,-0.0486145,0.357339,0,-0.0523096
1.54,0,0,-0.0451574,0.334367,0,-0.0486141
1.55,0,0,-0.0419217,0.313034,0,-0.045157
1.56,0,0,-0.0388915,0.293235,0,-0.0419213
1.57,0,0,-0.0360522,0.274873,0,-0.0388912
1.58,0,0,-0.0333896,0.257858,0,-0.0360519
1.59,0,0,-0.0308908,0.242108,0,-0.0333893
1.6,0,0,-0.0285434,0.227545,0,-0.0308905
1.61,0,0,-0.0263361,0.214097,0,-0.0285432
1.62,0,0,-0.024258,0.2017,0,-0.0263359
1.63,0,0,-0.0222988,0.190291,0,-0.0242578
1.64,0,0,-0.020449,0.179816,0,-0.0222986
1.65,0,0,-0.0186996,0.170222,0,-0.0204489
1.66,0,0,-0.0170418,0.161464,0,-0.0186994
1.67,0,0,-0.0154676,0.153497,0,-0.0170416
1.68,0,0,-0.0139693,0.146283,0,-0.0154675
1.69,0,0,-0.0125396,0.139787,0,-0.0139692
1.7,0,0,-0.0111713,0.133977,0,-0.0125394
1.71,0,0,-0.00985784,0.128823,0,-0.0111712
1.72,0,0,-0.00859273,0.124301,0,-0.00985771
1.73,0,0,-0.00736978,0.12039,0,-0.00859261
1.74,0,0,-0.00618297,0.117068,0,-0.00736965
1.75,0,0,-0.00502649,0.114321,0,-0.00618285
1.76,0,0,-0.00389467,0.112135,0,-0.00502638
1.77,0,0,-0.00278196,0.110499,0,-0.00389456
1.78,0,0,-0.00168289,0.109404,0,-0.00278185
1.79,0,0,-0.000592079,0.108847,0,-0.00168278
1.8,0,0,0.000495828,0.108823,0,-0.00059197
1.81,0,0,0.00158617,0.109334,0,0.000495936
1.82,0,0,0.00268428,0.11038,0,0.00158628
1.83,0,0,0.00379557,0.111968,0,0.0026844
1.84,0,0,0.00492547,0.114105,0,0.00379568
1.85,0,0,0.00607954,0.116802,0,0.00492559
1.86,0,0,0.00726342,0.120072,0,0.00607965
1.87,0,0,0.00848294,0.123931,0,0.00726354
1.88,0,0,0.00974406,0.128398,0,0.00848306
1.89,0,0,0.011053,0.133494,0,0.00974419
1.9,0,0,0.0124161,0.139245,0,0.0110531
1.91,0,0,0.0138402,0.14568,0,0.0124163
1.92,0,0,0.0153321,0.152829,0,0.0138403
1.93,0,0,0.0168992,0.160727,0,0.0153322
1.94,0,0,0.0185492,0.169414,0,0.0168994
1.95,0,0,0.0202903,0.178931,0,0.0185494
1.96,0,0,0.0221308,0.189326,0,0.0202904
1.97,0,0,0.0240799,0.20065,0,0.022131
1.98,0,0,0.0261471,0.212958,0,0.0240801
1.99,0,0,0.0283425,0.226309,0,0.0261473
2,0,0,0.0306769,0.240771,0,0.0283427
2.01,0,0,0.0331618,0.256413,0,0.0306772
2.02,0,0,0.0358094,0.273312,0,0.0331621
2.03,0,0,0.0386325,0.291551,0,0.0358096
2.04,0,0,0.0416451,0.311219,0,0.0386328
2.05,0,0,0.0448619,0.332412,0,0.0416454
2.06,0,0,0.0482988,0.355234,0,0.0448623
2.07,0,0,0.0519724,0.379797,0,0.0482991
2.08,0,0,0.0559009,0.40622,0,0.0519728
2.09,0,0,0.0601034,0.434633,0,0.0559013
2.1,0,0,0.0646006,0.465174,0,0.0601038
2.11,0,0,0.0694144,0.497992,0,0.0646011
2.12,0,0,0.0745685,0.533246,0,0.0694149
2.13,0,0,0.080088,0.571109,0,0.074569
2.14,0,0,0.086,0.611765,0,0.0800886
2.15,0,0,0.0923333,0.65541,0,0.0860006
2.16,0,0,0.0991188,0.702257,0,0.0923339
2.17,0,0,0.10639,0.752531,0,0.0991195
2.18,0,0,0.114182,0.806476,0,0.106391
2.19,0,0,0.122532,0.864351,0,0.114182
2.2,0,0,0.131483,0.926434,0,0.122533
2.21,0,0,0.141076,0.993022,0,0.131484
2.22,0,0,0.151359,1.06443,0,0.141077
2.23,0,0,0.162382,1.14101,0,0.15136
2.24,0,0,0.174197,1.2231,0,0.162383
2.25,0,0,0.186863,1.3111,0,0.174199
2.26,0,0,0.200441,1.40543,0,0.186865
2.27,0,0,0.214994,1.5065,0,0.200442
2.28,0,0,0.230595,1.6148,0,0.214996
2.29,0,0,0.247316,1.73081,0,0.230596
2.3,0,0,0.265238,1.85505,0,0.247318
2.31,0,0,0.284446,1.98807,0,0.26524
2.32,0,0,0.30503,2.13045,0,0.284448
2.33,0,0,0.327088,2.28279,0,0.305033
2.34,0,0,0.350721,2.44574,0,0.32709
2.35,0,0,0.37604,2.61995,0,0.350724
2.36,0,0,0.40316,2.80611,0,0.376043
2.37,0,0,0.432204,3.00492,0,0.403163
2.38,0,0,0.463303,3.21712,0,0.432207
2.39,0,0,0.496593,3.44343,0,0.463306
2.4,0,0,0.532221,3.68459,0,0.496597
2.41,0,0,0.570337,3.9413,0,0.532224
2.42,0,0,0.611101,4.21429,0,0.570341
2.43,0,0,0.654679,4.50419,0,0.611105
2.44,0,0,0.701243,4.8116,0,0.654683
2.45,0,0,0.75097,5.13703,0,0.701247
2.46,0,0,0.804044,5.48086,0,0.750976
2.47,0,0,0.860649,5.84332,0,0.80405
2.48,0,0,0.920972,6.22443,0,0.860655
2.49,0,0,0.985199,6.62399,0,0.920979
2.5,0,0,1.05351,7.04147,0,0.985206
2.51,0,0,1.12609,7.47599,0,1.05352
2.52,0,0,1.20308,7.92624,0,1.12609
2.53,0,0,1.28466,8.39041,0,1.20309
2.54,0,0,1.37093,8.86614,0,1.28466
2.55,0,0,1.46201,9.35045,0,1.37094
2.56,0,0,1.55795,9.83967,0,1.46202
2.57,0,0,1.6588,10.3295,0,1.55796
2.58,0,0,1.76453,10.8147,0,1.65881
2.59,0,0,1.87506,11.2898,0,1.76454
2.6,0,0,1.99027,11.7481,0,1.87507
2.61,0,0,2.10995,12.183,0,1.99028
2.62,0,0,2.23383,12.5873,0,2.10996
2.63,0,0,2.36156,12.9535,0,2.23384
2.64,0,0,2.49275,13.2747,0,2.36158
2.65,0,0,2.62688,13.544,0,2.49276
2.66,0,0,2.76343,13.7556,0,2.6269
2.67,0,0,2.90179,13.9047,0,2.76345
2.68,0,0,3.0413,13.9876,0,2.9018
2.69,0,0,-3.10187,14.0024,0,3.04132
2.7,0,0,-2.96206,13.9488,0,-3.10186
2.71,0,0,-2.82312,13.828,0,-2.96205
2.72,0,0,-2.68571,13.643,0,-2.82311
2.73,0,0,-2.55046,13.398,0,-2.6857
2.74,0,0,-2.41794,13.0985,0,-2.55045
2.75,0,0,-2.28865,12.7509,0,-2.41792
2.76,0,0,-2.16305,12.3622,0,-2.28864
2.77,0,0,-2.04152,11.9397,0,-2.16304
2.78,0,0,-1.92435,11.4906,0,-2.04151
2.79,0,0,-1.81177,11.022,0,-1.92434
2.8,0,0,-1.70395,10.5404,0,-1.81176
2.81,0,0,-1.60099,10.0519,0,-1.70394
2.82,0,0,-1.50292,9.56184,0,-1.60098
2.83,0,0,-1.40974,9.07491,0,-1.50291
2.84,0,0,-1.3214,8.59507,0,-1.40973
2.85,0,0,-1.2378,8.12557,0,-1.32139
2.86,0,0,-1.15884,7.66904,0,-1.2378
2.87,0,0,-1.08437,7.22753,0,-1.15883
2.88,0,0,-1.01424,6.80255,0,-1.08436
2.89,0,0,-0.948262,6.39515,0,-1.01423
2.9,0,0,-0.886271,6.00601,0,-0.948256
2.91,0,0,-0.828079,5.63548,0,-0.886265
2.92,0,0,-0.773499,5.28361,0,-0.828074
2.93,0,0,-0.722345,4.95026,0,-0.773494
2.94,0,0,-0.674433,4.63511,0,-0.72234
2.95,0,0,-0.629584,4.3377,0,-0.674429
2.96,0,0,-0.587621,4.05748,0,-0.629579
2.97,0,0,-0.548378,3.79382,0,-0.587617
2.98,0,0,-0.511692,3.54602,0,-0.548375
2.99,0,0,-0.477407,3.31339,0,-0.511688
3,0,0,-0.445376,3.09518,0,-0.477404
3.01,0,0,-0.415458,2.89068,0,-0.445373
3.02,0,0,-0.387519,2.69914,0,-0.415455
3.03,0,0,-0.361434,2.51985,0,-0.387516
3.04,0,0,-0.337083,2.35213,0,-0.361431
3.05,0,0,-0.314355,2.19529,0,-0.337081
3.06,0,0,-0.293143,2.04869,0,-0.314353
3.07,0,0,-0.273349,1.91171,0,-0.293141
3.08,0,0,-0.254879,1.78376,0,-0.273347
3.09,0,0,-0.237645,1.66428,0,-0.254877
3.1,0,0,-0.221566,1.55273,0,-0.237643
3.11,0,0,-0.206566,1.4486,0,-0.221565
3.12,0,0,-0.192571,1.35144,0,-0.206564
3.13,0,0,-0.179515,1.26078,0,-0.19257
3.14,0,0,-0.167335,1.1762,0,-0.179514
3.15,0,0,-0.155972,1.09731,0,-0.167334
3.16,0,0,-0.145371,1.02374,0,-0.155971
3.17,0,0,-0.135481,0.95514,0,-0.14537
3.18,0,0,-0.126253,0.891181,0,-0.13548
3.19,0,0,-0.117643,0.831558,0,-0.126252
3.2,0,0,-0.109608,0.775986,0,-0.117642
3.21,0,0,-0.10211,0.724198,0,-0.109607
3.22,0,0,-0.0951124,0.675943,0,-0.10211
3.23,0,0,-0.0885803,0.63099,0,-0.0951117
3.24,0,0,-0.0824823,0.589119,0,-0.0885797
3.25,0,0,-0.0767883,0.550128,0,-0.0824817
3.26,0,0,-0.0714707,0.513828,0,-0.0767878
3.27,0,0,-0.0665034,0.480042,0,-0.0714702
3.28,0,0,-0.061862,0.448605,0,-0.0665029
3.29,0,0,-0.0575239,0.419365,0,-0.0618615
3.3,0,0,-0.0534678,0.392179,0,-0.0575235
3.31,0,0,-0.0496739,0.366913,0,-0.0534674
3.32,0,0,-0.0461235,0.343446,0,-0.0496735
3.33,0,0,-0.0427993,0.321661,0,-0.0461232
3.34,0,0,-0.039685,0.301452,0,-0.042799
3.35,0,0,-0.0367654,0.282721,0,-0.0396847
3.36,0,0,-0.034026,0.265376,0,-0.0367651
3.37,0,0,-0.0314535,0.249332,0,-0.0340257
3.38,0,0,-0.0290352,0.234511,0,-0.0314532
3.39,0,0,-0.0267594,0.220839,0,-0.029035
3.4,0,0,-0.0246148,0.20825,0,-0.0267592
3.41,0,0,-0.022591,0.196683,0,-0.0246146
3.42,0,0,-0.020678,0.18608,0,-0.0225908
3.43,0,0,-0.0188663,0.176389,0,-0.0206778
3.44,0,0,-0.0171473,0.167564,0,-0.0188662
3.45,0,0,-0.0155123,0.159561,0,-0.0171471
3.46,0,0,-0.0139534,0.15234,0,-0.0155122
3.47,0,0,-0.012463,0.145866,0,-0.0139533
3.48,0,0,-0.0110337,0.140108,0,-0.0124629
3.49,0,0,-0.00965856,0.135037,0,-0.0110336
3.5,0,0,-0.00833077,0.130629,0,-0.00965843
3.51,0,0,-0.00704385,0.126861,0,-0.00833064
3.52,0,0,-0.00579148,0.123715,0,-0.00704372
3.53,0,0,-0.00456752,0.121177,0,-0.00579136
3.54,0,0,-0.00336596,0.119232,0,-0.0045674
3.55,0,0,-0.00218092,0.117873,0,-0.00336584
3.56,0,0,-0.00100657,0.117092,0,-0.0021808
3.57,0,0,0.000162833,0.116885,0,-0.00100646
3.58,0,0,0.00133304,0.117252,0,0.00016295
3.59,0,0,0.00250978,0.118193,0,0.00133316
3.6,0,0,0.00369884,0.119715,0,0.0025099
3.61,0,0,0.00490603,0.121824,0,0.00369896
3.62,0,0,0.0061373,0.12453,0,0.00490616
3.63,0,0,0.00739866,0.127847,0,0.00613742
3.64,0,0,0.00869632,0.131791,0,0.00739879
3.65,0,0,0.0100366,0.136382,0,0.00869645
3.66,0,0,0.0114262,0.141642,0,0.0100368
3.67,0,0,0.0128718,0.147596,0,0.0114263
3.68,0,0,0.0143805,0.154274,0,0.0128719
3.69,0,0,0.0159598,0.16171,0,0.0143807
3.7,0,0,0.0176173,0.169938,0,0.0159599
3.71,0,0,0.0193613,0.178999,0,0.0176175
3.72,0,0,0.0212002,0.188939,0,0.0193615
3.73,0,0,0.0231432,0.199805,0,0.0212004
3.74,0,0,0.0251996,0.211651,0,0.0231434
3.75,0,0,0.0273796,0.224535,0,0.0251998
3.76,0,0,0.029694,0.23852,0,0.0273799
3.77,0,0,0.0321539,0.253674,0,0.0296942
3.78,0,0,0.0347716,0.270072,0,0.0321542
3.79,0,0,0.0375597,0.287794,0,0.0347718
3.8,0,0,0.0405321,0.306927,0,0.03756
3.81,0,0,0.0437033,0.327564,0,0.0405324
3.82,0,0,0.0470887,0.349806,0,0.0437036
3.83,0,0,0.0507051,0.373763,0,0.0470891
3.84,0,0,0.0545701,0.39955,0,0.0507055
3.85,0,0,0.0587026,0.427294,0,0.0545705
3.86,0,0,0.0631229,0.457131,0,0.058703
3.87,0,0,0.0678526,0.489206,0,0.0631233
3.88,0,0,0.0729149,0.523674,0,0.0678531
3.89,0,0,0.0783346,0.560705,0,0.0729155
3.9,0,0,0.0841381,0.600478,0,0.0783352
3.91,0,0,0.0903539,0.643185,0,0.0841387
3.92,0,0,0.0970123,0.689035,0,0.0903546
3.93,0,0,0.104146,0.738249,0,0.097013
3.94,0,0,0.111789,0.791064,0,0.104147
3.95,0,0,0.11998,0.847736,0,0.11179
3.96,0,0,0.128758,0.908536,0,0.119981
3.97,0,0,0.138165,0.973755,0,0.128759
3.98,0,0,0.148248,1.04371,0,0.138166
3.99,0,0,0.159056,1.11872,0,0.148249
4,0,0,0.170641,1.19915,0,0.159057
4.01,0,0,0.183058,1.28538,0,0.170642
4.02,0,0,0.196369,1.37781,0,0.18306
4.03,0,0,0.210637,1.47686,0,0.19637
4.04,0,0,0.22593,1.583,0,0.210638
4.05,0,0,0.242322,1.69671,0,0.225931
4.06,0,0,0.259891,1.81849,0,0.242323
4.07,0,0,0.27872,1.9489,0,0.259893
4.08,0,0,0.298899,2.08849,0,0.278722
4.09,0,0,0.320523,2.23788,0,0.298901
4.1,0,0,0.343691,2.39768,0,0.320525
4.11,0,0,0.368513,2.56855,0,0.343694
4.12,0,0,0.395101,2.75117,0,0.368515
4.13,0,0,0.423578,2.94624,0,0.395104
4.14,0,0,0.45407,3.15449,0,0.423581
4.15,0,0,0.486714,3.37663,0,0.454073
4.16,0,0,0.521651,3.61341,0,0.486717
4.17,0,0,0.559033,3.86555,0,0.521655
4.18,0,0,0.599015,4.13375,0,0.559037
4.19,0,0,0.641763,4.41869,0,0.59902
4.2,0,0,0.687447,4.72098,0,0.641768
4.21,0,0,0.736242,5.04115,0,0.687452
4.22,0,0,0.78833,5.37962,0,0.736247
4.23,0,0,0.843896,5.73667,0,0.788336
4.24,0,0,0.903126,6.1124,0,0.843902
4.25,0,0,0.966206,6.50667,0,0.903132
4.26,0,0,1.03332,6.91903,0,0.966212
4.27,0,0,1.10464,7.34874,0,1.03333
4.28,0,0,1.18035,7.7946,0,1.10465
4.29,0,0,1.26058,8.25496,0,1.18036
4.3,0,0,1.34549,8.72762,0,1.26059
4.31,0,0,1.43517,9.20979,0,1.3455
4.32,0,0,1.5297,9.69801,0,1.43518
4.33,0,0,1.62913,10.1881,0,1.52971
4.34,0,0,1.73346,10.6753,0,1.62914
4.35,0,0,1.84261,11.1539,0,1.73347
4.36,0,0,1.95648,11.6178,0,1.84262
4.37,0,0,2.07489,12.0602,0,1.95649
4.38,0,0,2.19759,12.474,0,2.07491
4.39,0,0,2.32425,12.852,0,2.1976
4.4,0,0,2.45449,13.1869,0,2.32427
4.41,0,0,2.58783,13.4719,0,2.4545
4.42,0,0,2.72374,13.7007,0,2.58784
4.43,0,0,2.86164,13.8683,0,2.72375
4.44,0,0,3.00089,13.9706,0,2.86165
4.45,0,0,3.14082,14.0053,0,3.0009
4.46,0,0,-3.00242,13.9714,0,3.14084
4.47,0,0,-2.86316,13.8698,0,-3.00241
4.48,0,0,-2.72524,13.7029,0,-2.86315
4.49,0,0,-2.58931,13.4747,0,-2.72523
4.5,0,0,-2.45594,13.1904,0,-2.58929
4.51,0,0,-2.32567,12.856,0,-2.45592
4.52,0,0,-2.19896,12.4784,0,-2.32565
4.53,0,0,-2.07622,12.065,0,-2.19895
4.54,0,0,-1.95776,11.6228,0,-2.07621
4.55,0,0,-1.84383,11.1591,0,-1.95775
4.56,0,0,-1.73462,10.6806,0,-1.84382
4.57,0,0,-1.63025,10.1936,0,-1.73461
4.58,0,0,-1.53076,9.70345,0,-1.63024
4.59,0,0,-1.43617,9.21518,0,-1.53075
4.6,0,0,-1.34644,8.73293,0,-1.43616
4.61,0,0,-1.26148,8.26014,0,-1.34643
4.62,0,0,-1.18119,7.79963,0,-1.26147
4.63,0,0,-1.10544,7.3536,0,-1.18119
4.64,0,0,-1.03407,6.92372,0,-1.10543
4.65,0,0,-0.966907,6.51115,0,-1.03406
4.66,0,0,-0.903783,6.11669,0,-0.966901
4.67,0,0,-0.844511,5.74076,0,-0.903777
4.68,0,0,-0.788905,5.38351,0,-0.844506
4.69,0,0,-0.736779,5.04483,0,-0.7889
4.7,0,0,-0.687947,4.72447,0,-0.736774
4.71,0,0,-0.64223,4.42199,0,-0.687943
4.72,0,0,-0.599449,4.13688,0,-0.642225
4.73,0,0,-0.559436,3.8685,0,-0.599445
4.74,0,0,-0.522026,3.6162,0,-0.559432
4.75,0,0,-0.487061,3.37926,0,-0.522022
4.76,0,0,-0.454391,3.15697,0,-0.487057
4.77,0,0,-0.423875,2.94859,0,-0.454388
4.78,0,0,-0.395375,2.75338,0,-0.423872
4.79,0,0,-0.368765,2.57064,0,-0.395373
4.8,0,0,-0.343923,2.39966,0,-0.368763
4.81,0,0,-0.320735,2.23975,0,-0.343921
4.82,0,0,-0.299093,2.09027,0,-0.320733
4.83,0,0,-0.278897,1.95059,0,-0.299091
4.84,0,0,-0.260051,1.82011,0,-0.278895
4.85,0,0,-0.242466,1.69825,0,-0.260049
4.86,0,0,-0.226059,1.58447,0,-0.242464
4.87,0,0,-0.210751,1.47828,0,-0.226057
4.88,0,0,-0.196469,1.37917,0,-0.210749
4.89,0,0,-0.183145,1.28669,0,-0.196468
4.9,0,0,-0.170715,1.20043,0,-0.183144
4.91,0,0,-0.159117,1.11996,0,-0.170713
4.92,0,0,-0.148297,1.04492,0,-0.159116
4.93,0,0,-0.138202,0.974949,0,-0.148296
4.94,0,0,-0.128782,0.909715,0,-0.138201
4.95,0,0,-0.119993,0.848905,0,-0.128782
4.96,0,0,-0.111791,0.79223,0,-0.119992
4.97,0,0,-0.104135,0.739416,0,-0.11179
4.98,0,0,-0.0969901,0.69021,0,-0.104135
4.99,0,0,-0.0903199,0.644373,0,-0.0969894
5,0,0,-0.0840921,0.601685,0,-0.0903192
5.01,0,0,-0.0782763,0.561938,0,-0.0840915
5.02,0,0,-0.0728442,0.524938,0,-0.0782758
5.03,0,0,-0.067769,0.490507,0,-0.0728436
5.04,0,0,-0.063026,0.458476,0,-0.0677685
5.05,0,0,-0.058592,0.42869,0,-0.0630255
5.06,0,0,-0.0544452,0.401003,0,-0.0585915
5.07,0,0,-0.0505653,0.37528,0,-0.0544448
5.08,0,0,-0.0469334,0.351396,0,-0.0505649
5.09,0,0,-0.0435316,0.329234,0,-0.0469331
5.1,0,0,-0.0403433,0.308685,0,-0.0435313
5.11,0,0,-0.0373529,0.289649,0,-0.040343
5.12,0,0,-0.0345456,0.272032,0,-0.0373526
5.13,0,0,-0.0319078,0.25575,0,-0.0345453
5.14,0,0,-0.0294264,0.240721,0,-0.0319075
5.15,0,0,-0.0270894,0.226873,0,-0.0294262
5.16,0,0,-0.0248852,0.214137,0,-0.0270892
5.17,0,0,-0.0228031,0.202451,0,-0.024885
5.18,0,0,-0.0208329,0.191758,0,-0.0228029
5.19,0,0,-0.0189648,0.182006,0,-0.0208327
5.2,0,0,-0.0171898,0.173146,0,-0.0189646
5.21,0,0,-0.0154991,0.165136,0,-0.0171896
5.22,0,0,-0.0138844,0.157935,0,-0.0154989
5.23,0,0,-0.0123378,0.151509,0,-0.0138842
5.24,0,0,-0.0108517,0.145826,0,-0.0123376
5.25,0,0,-0.00941888,0.140858,0,-0.0108516
5.26,0,0,-0.00803224,0.136582,0,-0.00941873
5.27,0,0,-0.006685,0.132975,0,-0.0080321
5.28,0,0,-0.00537056,0.130021,0,-0.00668487
5.29,0,0,-0.00408246,0.127704,0,-0.00537043
5.3,0,0,-0.00281439,0.126014,0,-0.00408234
5.31,0,0,-0.00156013,0.124942,0,-0.00281427
5.32,0,0,-0.000313515,0.124482,0,-0.00156
5.33,0,0,0.000931558,0.124634,0,-0.000313391
5.34,0,0,0.0021812,0.125397,0,0.000931683
5.35,0,0,0.00344154,0.126775,0,0.00218133
5.36,0,0,0.00471876,0.128774,0,0.00344167
5.37,0,0,0.00601913,0.131406,0,0.00471889
5.38,0,0,0.00734903,0.134682,0,0.00601926
5.39,0,0,0.00871497,0.138619,0,0.00734916
5.4,0,0,0.0101237,0.143235,0,0.00871511
5.41,0,0,0.011582,0.148554,0,0.0101238
5.42,0,0,0.0130972,0.154602,0,0.0115822
5.43,0,0,0.0146766,0.161408,0,0.0130973
5.44,0,0,0.016328,0.169006,0,0.0146767
5.45,0,0,0.0180595,0.177433,0,0.0163281
5.46,0,0,0.0198795,0.18673,0,0.0180596
5.47,0,0,0.0217971,0.196943,0,0.0198797
5.48,0,0,0.0238216,0.208121,0,0.0217973
5.49,0,0,0.0259629,0.22032,0,0.0238218
5.5,0,0,0.0282316,0.2336,0,0.0259631
5.51,0,0,0.0306387,0.248025,0,0.0282318
5.52,0,0,0.0331961,0.263666,0,0.030639
5.53,0,0,0.0359163,0.2806,0,0.0331964
5.54,0,0,0.0388127,0.298909,0,0.0359166
5.55,0,0,0.0418993,0.318683,0,0.038813
5.56,0,0,0.0451915,0.340019,0,0.0418997
5.57,0,0,0.0487053,0.363022,0,0.0451918
5.58,0,0,0.0524578,0.387803,0,0.0487056
5.59,0,0,0.0564676,0.414483,0,0.0524582
5.6,0,0,0.0607542,0.443194,0,0.056468
5.61,0,0,0.0653387,0.474074,0,0.0607547
5.62,0,0,0.0702434,0.507275,0,0.0653392
5.63,0,0,0.0754924,0.542959,0,0.0702439
5.64,0,0,0.0811114,0.581298,0,0.075493
5.65,0,0,0.0871278,0.622479,0,0.081112
5.66,0,0,0.0935711,0.666701,0,0.0871285
5.67,0,0,0.100473,0.71418,0,0.0935718
5.68,0,0,0.107866,0.765144,0,0.100473
5.69,0,0,0.115788,0.81984,0,0.107867
5.7,0,0,0.124276,0.87853,0,0.115789
5.71,0,0,0.133373,0.941497,0,0.124277
5.72,0,0,0.143121,1.00904,0,0.133374
5.73,0,0,0.15357,1.08148,0,0.143122
5.74,0,0,0.164768,1.15917,0,0.153571
5.75,0,0,0.176772,1.24246,0,0.16477
5.76,0,0,0.189638,1.33175,0,0.176773
5.77,0,0,0.203428,1.42746,0,0.189639
5.78,0,0,0.21821,1.53003,0,0.20343
5.79,0,0,0.234053,1.63992,0,0.218211
5.8,0,0,0.251034,1.75763,0,0.234055
5.81,0,0,0.269233,1.8837,0,0.251036
5.82,0,0,0.288737,2.01867,0,0.269235
5.83,0,0,0.309638,2.16314,0,0.288739
5.84,0,0,0.332034,2.3177,0,0.30964
5.85,0,0,0.356028,2.48302,0,0.332036
5.86,0,0,0.381732,2.65974,0,0.35603
5.87,0,0,0.409263,2.84857,0,0.381735
5.88,0,0,0.438746,3.05022,0,0.409266
5.89,0,0,0.470312,3.26541,0,0.438749
5.9,0,0,0.504101,3.49487,0,0.470316
5.91,0,0,0.540259,3.73933,0,0.504105
5.92,0,0,0.57894,3.99951,0,0.540263
5.93,0,0,0.620304,4.27611,0,0.578944
5.94,0,0,0.664519,4.56976,0,0.620308
5.95,0,0,0.711758,4.88104,0,0.664524
5.96,0,0,0.7622,5.21044,0,0.711763
5.97,0,0,0.816028,5.5583,0,0.762205
5.98,0,0,0.873428,5.92481,0,0.816033
5.99,0,0,0.934586,6.30996,0,0.873434
6,0,0,0.999688,6.71347,0,0.934592
6.01,0,0,1.06891,7.13474,0,0.999695
6.02,0,0,1.14244,7.57281,0,1.06892
6.03,0,0,1.22042,8.02625,0,1.14245
6.04,0,0,1.30301,8.49316,0,1.22043
6.05,0,0,1.39032,8.97103,0,1.30302
6.06,0,0,1.48245,9.45674,0,1.39033
6.07,0,0,1.57947,9.94648,0,1.48246
6.08,0,0,1.68138,10.4357,0,1.57948
6.09,0,0,1.78816,10.9193,0,1.68139
6.1,0,0,1.89973,11.3913,0,1.78817
6.11,0,0,2.01593,11.8451,0,1.89974
6.12,0,0,2.13655,12.274,0,2.01594
6.13,0,0,2.2613,12.6706,0,2.13656
6.14,0,0,2.38983,13.0276,0,2.26131
6.15,0,0,2.5217,13.338,0,2.38984
6.16,0,0,2.65641,13.5953,0,2.52171
6.17,0,0,2.79341,13.7936,0,2.65642
6.18,0,0,2.93207,13.9286,0,2.79342
6.19,0,0,3.07175,13.9968,0,2.93208
6.2,0,0,-3.07141,13.9967,0,3.07177
6.21,0,0,-2.93173,13.9283,0,-3.07139
6.22,0,0,-2.79306,13.7932,0,-2.93171
6.23,0,0,-2.65607,13.5947,0,-2.79305
6.24,0,0,-2.52136,13.3373,0,-2.65606
6.25,0,0,-2.3895,13.0268,0,-2.52135
6.26,0,0,-2.26098,12.6697,0,-2.38949
6.27,0,0,-2.13624,12.273,0,-2.26097
6.28,0,0,-2.01563,11.8441,0,-2.13623
6.29,0,0,-1.89944,11.3902,0,-2.01562
6.3,0,0,-1.78789,10.9182,0,-1.89943
6.31,0,0,-1.68112,10.4346,0,-1.78788
6.32,0,0,-1.57921,9.94531,0,-1.68111
6.33,0,0,-1.48221,9.45557,0,-1.5792
6.34,0,0,-1.39009,8.96988,0,-1.4822
6.35,0,0,-1.30279,8.49203,0,-1.39008
6.36,0,0,-1.22021,8.02515,0,-1.30278
6.37,0,0,-1.14224,7.57174,0,-1.2202
6.38,0,0,-1.06872,7.13372,0,-1.14223
6.39,0,0,-0.999507,6.7125,0,-1.06872
6.4,0,0,-0.934415,6.30904,0,-0.999501
6.41,0,0,-0.873265,5.92393,0,-0.934408
6.42,0,0,-0.815873,5.55747,0,-0.873259
6.43,0,0,-0.762053,5.20966,0,-0.815868
6.44,0,0,-0.711618,4.88031,0,-0.762048
6.45,0,0,-0.664386,4.56908,0,-0.711613
6.46,0,0,-0.620178,4.27548,0,-0.664382
6.47,0,0,-0.578819,3.99893,0,-0.620173
6.48,0,0,-0.540144,3.7388,0,-0.578815
6.49,0,0,-0.503991,3.49438,0,-0.54014
6.5,0,0,-0.470206,3.26497,0,-0.503987
6.51,0,0,-0.438644,3.04982,0,-0.470203
6.52,0,0,-0.409164,2.84822,0,-0.438641
6.53,0,0,-0.381636,2.65943,0,-0.409162
6.54,0,0,-0.355935,2.48275,0,-0.381634
6.55,0,0,-0.331943,2.31747,0,-0.355933
6.56,0,0,-0.30955,2.16295,0,-0.331941
6.57,0,0,-0.28865,2.01852,0,-0.309548
6.58,0,0,-0.269147,1.88359,0,-0.288648
6.59,0,0,-0.250949,1.75757,0,-0.269146
6.6,0,0,-0.233968,1.63989,0,-0.250947
6.61,0,0,-0.218125,1.53004,0,-0.233967
6.62,0,0,-0.203343,1.42751,0,-0.218123
6.63,0,0,-0.189552,1.33184,0,-0.203342
6.64,0,0,-0.176685,1.24259,0,-0.18955
6.65,0,0,-0.16468,1.15934,0,-0.176683
6.66,0,0,-0.153479,1.0817,0,-0.164679
6.67,0,0,-0.143028,1.0093,0,-0.153478
6.68,0,0,-0.133277,0.941803,0,-0.143027
6.69,0,0,-0.124177,0.878884,0,-0.133276
6.7,0,0,-0.115685,0.820243,0,-0.124176
6.71,0,0,-0.107759,0.765598,0,-0.115684
6.72,0,0,-0.10036,0.714687,0,-0.107758
6.73,0,0,-0.0934532,0.667264,0,-0.100359
6.74,0,0,-0.0870039,0.6231,0,-0.0934525
6.75,0,0,-0.080981,0.581981,0,-0.0870033
6.76,0,0,-0.0753548,0.543707,0,-0.0809804
6.77,0,0,-0.0700979,0.508093,0,-0.0753543
6.78,0,0,-0.0651846,0.474965,0,-0.0700974
6.79,0,0,-0.0605908,0.444162,0,-0.0651841
6.8,0,0,-0.0562941,0.415533,0,-0.0605904
6.81,0,0,-0.0522734,0.38894,0,-0.0562937
6.82,0,0,-0.0485089,0.364252,0,-0.052273
6.83,0,0,-0.0449823,0.341349,0,-0.0485086
6.84,0,0,-0.0416763,0.320118,0,-0.044982
6.85,0,0,-0.0385747,0.300457,0,-0.041676
6.86,0,0,-0.0356623,0.282268,0,-0.0385744
6.87,0,0,-0.0329247,0.265463,0,-0.035662
6.88,0,0,-0.0303487,0.249959,0,-0.0329245
6.89,0,0,-0.0279215,0.235681,0,-0.0303484
6.9,0,0,-0.0256312,0.222559,0,-0.0279212
6.91,0,0,-0.0234666,0.210528,0,-0.025631
6.92,0,0,-0.0214172,0.199529,0,-0.0234664
6.93,0,0,-0.0194728,0.189509,0,-0.021417
6.94,0,0,-0.0176239,0.180418,0,-0.0194726
6.95,0,0,-0.0158615,0.172212,0,-0.0176237
6.96,0,0,-0.0141768,0.164851,0,-0.0158613
6.97,0,0,-0.0125617,0.158299,0,-0.0141767
6.98,0,0,-0.0110083,0.152523,0,-0.0125616
6.99,0,0,-0.00950878,0.147495,0,-0.0110081
7,0,0,-0.00805595,0.14319,0,-0.00950863
7.01,0,0,-0.00664263,0.139588,0,-0.00805581
7.02,0,0,-0.0052619,0.136671,0,-0.00664249
7.03,0,0,-0.00390698,0.134424,0,-0.00526177
7.04,0,0,-0.00257123,0.132836,0,-0.00390685
7.05,0,0,-0.00124809,0.1319,0,-0.0025711
7.06,0,0,6.8925e-05,0.131611,0,-0.00124796
7.07,0,0,0.00138628,0.131968,0,6.90566e-05
7.08,0,0,0.00271043,0.132971,0,0.00138641
7.09,0,0,0.00404788,0.134628,0,0.00271057
7.1,0,0,0.00540519,0.136944,0,0.00404802
7.11,0,0,0.006789,0.139933,0,0.00540532
7.12,0,0,0.00820612,0.143607,0,0.00678914
7.13,0,0,0.00966349,0.147986,0,0.00820626
7.14,0,0,0.0111683,0.153091,0,0.00966364
7.15,0,0,0.0127278,0.158947,0,0.0111684
7.16,0,0,0.0143498,0.165583,0,0.012728
7.17,0,0,0.0160422,0.173031,0,0.01435
7.18,0,0,0.0178132,0.181327,0,0.0160424
7.19,0,0,0.0196717,0.190513,0,0.0178134
7.2,0,0,0.0216266,0.200633,0,0.0196719
7.21,0,0,0.0236876,0.211737,0,0.0216268
7.22,0,0,0.0258648,0.223879,0,0.0236878
7.23,0,0,0.0281688,0.237119,0,0.025865
7.24,0,0,0.030611,0.251522,0,0.0281691
7.25,0,0,0.0332034,0.267158,0,0.0306113
7.26,0,0,0.0359585,0.284104,0,0.0332036
7.27,0,0,0.0388901,0.302442,0,0.0359588
7.28,0,0,0.0420123,0.322263,0,0.0388904
7.29,0,0,0.0453406,0.343664,0,0.0420126
7.3,0,0,0.0488912,0.366748,0,0.0453409
7.31,0,0,0.0526815,0.391629,0,0.0488915
7.32,0,0,0.0567301,0.418429,0,0.0526819
7.33,0,0,0.0610569,0.447278,0,0.0567305
7.34,0,0,0.065683,0.478316,0,0.0610573
7.35,0,0,0.070631,0.511696,0,0.0656834
7.36,0,0,0.0759252,0.54758,0,0.0706315
7.37,0,0,0.0815915,0.586142,0,0.0759257
7.38,0,0,0.0876575,0.62757,0,0.0815921
7.39,0,0,0.094153,0.672064,0,0.0876582
7.4,0,0,0.10111,0.71984,0,0.0941537
7.41,0,0,0.108562,0.771129,0,0.10111
7.42,0,0,0.116545,0.826178,0,0.108562
7.43,0,0,0.125098,0.885253,0,0.116546
7.44,0,0,0.134264,0.948635,0,0.125099
7.45,0,0,0.144086,1.01663,0,0.134265
7.46,0,0,0.154613,1.08956,0,0.144087
7.47,0,0,0.165895,1.16777,0,0.154614
7.48,0,0,0.177987,1.25163,0,0.165896
7.49,0,0,0.190948,1.34153,0,0.177988
7.5,0,0,0.204839,1.43789,0,0.190949
7.51,0,0,0.219728,1.54116,0,0.204841
7.52,0,0,0.235687,1.6518,0,0.21973
7.53,0,0,0.252791,1.77032,0,0.235688
7.54,0,0,0.271121,1.89725,0,0.252792
7.55,0,0,0.290765,2.03315,0,0.271123
7.56,0,0,0.311816,2.1786,0,0.290767
7.57,0,0,0.334371,2.33421,0,0.311818
7.58,0,0,0.358536,2.50064,0,0.334373
7.59,0,0,0.384422,2.67856,0,0.358538
7.6,0,0,0.412148,2.86865,0,0.384425
7.61,0,0,0.441838,3.07163,0,0.41215
7.62,0,0,0.473625,3.28823,0,0.441841
7.63,0,0,0.50765,3.51917,0,0.473629
7.64,0,0,0.544059,3.76519,0,0.507653
7.65,0,0,0.583006,4.02701,0,0.544062
7.66,0,0,0.624654,4.3053,0,0.58301
7.67,0,0,0.669169,4.60072,0,0.624658
7.68,0,0,0.716727,4.91382,0,0.669174
7.69,0,0,0.767506,5.24507,0,0.716731
7.7,0,0,0.821689,5.59482,0,0.767511
7.71,0,0,0.879464,5.96323,0,0.821695
7.72,0,0,0.941016,6.35026,0,0.87947
7.73,0,0,1.00653,6.75561,0,0.941022
7.74,0,0,1.07619,7.17864,0,1.00654
7.75,0,0,1.15016,7.61834,0,1.07619
7.76,0,0,1.2286,8.07325,0,1.15017
7.77,0,0,1.31167,8.54139,0,1.22861
7.78,0,0,1.39947,9.02021,0,1.31167
7.79,0,0,1.4921,9.50652,0,1.39948
7.8,0,0,1.58961,9.99643,0,1.4921
7.81,0,0,1.69202,10.4854,0,1.58962
7.82,0,0,1.79929,10.968,0,1.69203
7.83,0,0,1.91134,11.4384,0,1.79931
7.84,0,0,2.028,11.8901,0,1.91135
7.85,0,0,2.14906,12.316,0,2.02801
7.86,0,0,2.27421,12.7089,0,2.14907
7.87,0,0,2.4031,13.0615,0,2.27422
7.88,0,0,2.53528,13.3668,0,2.40311
7.89,0,0,2.67025,13.6183,0,2.5353
7.9,0,0,2.80745,13.8104,0,2.67027
7.91,0,0,2.94625,13.9387,0,2.80746
7.92,0,0,3.086,14,0,2.94626
7.93,0,0,-3.05716,13.9929,0,3.08601
7.94,0,0,-2.91756,13.9176,0,-3.05715
7.95,0,0,-2.77903,13.7759,0,-2.91754
7.96,0,0,-2.64225,13.5712,0,-2.77902
7.97,0,0,-2.5078,13.3081,0,-2.64223
7.98,0,0,-2.37626,12.9925,0,-2.50779
7.99,0,0,-2.24811,12.631,0,-2.37625
8,0,0,-2.12377,12.2308,0,-2.24809
8.01,0,0,-2.00359,11.799,0,-2.12375
8.02,0,0,-1.88787,11.3429,0,-2.00358
8.03,0,0,-1.77679,10.8694,0,-1.88786
8.04,0,0,-1.67052,10.385,0,-1.77678
8.05,0,0,-1.56911,9.89547,0,-1.67051
8.06,0,0,-1.47261,9.40595,0,-1.5691
8.07,0,0,-1.38098,8.92089,0,-1.4726
8.08,0,0,-1.29416,8.44402,0,-1.38097
8.09,0,0,-1.21206,7.97842,0,-1.29415
8.1,0,0,-1.13455,7.5265,0,-1.21205
8.11,0,0,-1.06148,7.09013,0,-1.13454
8.12,0,0,-0.992686,6.67068,0,-1.06147
8.13,0,0,-0.928002,6.26907,0,-0.992679
8.14,0,0,-0.867243,5.88586,0,-0.927996
8.15,0,0,-0.810222,5.5213,0,-0.867237
8.16,0,0,-0.756754,5.17539,0,-0.810217
8.17,0,0,-0.706653,4.84791,0,-0.756749
8.18,0,0,-0.659736,4.5385,0,-0.706648
8.19,0,0,-0.615824,4.24667,0,-0.659731
8.2,0,0,-0.574745,3.97183,0,-0.61582
8.21,0,0,-0.536333,3.71333,0,-0.574741
8.22,0,0,-0.500426,3.47048,0,-0.536329
8.23,0,0,-0.466873,3.24256,0,-0.500423
8.24,0,0,-0.435527,3.02884,0,-0.46687
8.25,0,0,-0.406251,2.82859,0,-0.435524
8.26,0,0,-0.378913,2.64107,0,-0.406248
8.27,0,0,-0.353389,2.46559,0,-0.37891
8.28,0,0,-0.329563,2.30146,0,-0.353387
8.29,0,0,-0.307324,2.148,0,-0.329561
8.3,0,0,-0.286569,2.00459,0,-0.307322
8.31,0,0,-0.267201,1.87061,0,-0.286567
8.32,0,0,-0.249128,1.74547,0,-0.267199
8.33,0,0,-0.232264,1.62864,0,-0.249126
8.34,0,0,-0.216529,1.51957,0,-0.232262
8.35,0,0,-0.201848,1.41779,0,-0.216527
8.36,0,0,-0.18815,1.32282,0,-0.201847
8.37,0,0,-0.17537,1.23422,0,-0.188149
8.38,0,0,-0.163446,1.15158,0,-0.175369
8.39,0,0,-0.15232,1.07452,0,-0.163445
8.4,0,0,-0.141938,1.00267,0,-0.152319
8.41,0,0,-0.13225,0.935683,0,-0.141937
8.42,0,0,-0.123209,0.873248,0,-0.132249
8.43,0,0,-0.114771,0.815064,0,-0.123208
8.44,0,0,-0.106895,0.760852,0,-0.11477
8.45,0,0,-0.0995417,0.710351,0,-0.106894
8.46,0,0,-0.0926762,0.663318,0,-0.099541
8.47,0,0,-0.0862645,0.619524,0,-0.0926755
8.48,0,0,-0.0802755,0.578757,0,-0.0862639
8.49,0,0,-0.0746799,0.540821,0,-0.080275
8.5,0,0,-0.0694503,0.50553,0,-0.0746794
8.51,0,0,-0.064561,0.472713,0,-0.0694498
8.52,0,0,-0.0599883,0.44221,0,-0.0645606
8.53,0,0,-0.0557096,0.413872,0,-0.0599878
8.54,0,0,-0.0517041,0.387561,0,-0.0557092
8.55,0,0,-0.047952,0.363148,0,-0.0517037
8.56,0,0,-0.0444351,0.340515,0,-0.0479517
8.57,0,0,-0.0411361,0.319551,0,-0.0444348
8.58,0,0,-0.0380389,0.300153,0,-0.0411358
8.59,0,0,-0.0351282,0.282226,0,-0.0380386
8.6,0,0,-0.0323897,0.265683,0,-0.0351279
8.61,0,0,-0.0298101,0.250442,0,-0.0323895
8.62,0,0,-0.0273768,0.23643,0,-0.0298099
8.63,0,0,-0.0250777,0.223576,0,-0.0273765
8.64,0,0,-0.0229016,0.211819,0,-0.0250775
8.65,0,0,-0.0208378,0.201101,0,-0.0229014
8.66,0,0,-0.0188763,0.191369,0,-0.0208376
8.67,0,0,-0.0170073,0.182575,0,-0.0188761
8.68,0,0,-0.0152218,0.174678,0,-0.0170071
8.69,0,0,-0.0135109,0.167636,0,-0.0152216
8.7,0,0,-0.0118663,0.161417,0,-0.0135107
8.71,0,0,-0.0102799,0.15599,0,-0.0118661
8.72,0,0,-0.00874393,0.151328,0,-0.0102797
8.73,0,0,-0.00725086,0.147408,0,-0.00874378
8.74,0,0,-0.00579335,0.144212,0,-0.00725071
8.75,0,0,-0.00436427,0.141722,0,-0.00579321
8.76,0,0,-0.00295659,0.139928,0,-0.00436412
8.77,0,0,-0.00156341,0.13882,0,-0.00295645
8.78,0,0,-0.00017791,0.138394,0,-0.00156328
8.79,0,0,0.00120672,0.138646,0,-0.000177771
8.8,0,0,0.00259727,0.139578,0,0.00120686
8.81,0,0,0.00400056,0.141195,0,0.00259741
8.82,0,0,0.00542347,0.143504,0,0.0040007
8.83,0,0,0.00687299,0.146518,0,0.00542362
8.84,0,0,0.00835622,0.15025,0,0.00687314
8.85,0,0,0.00988044,0.154719,0,0.00835637
8.86,0,0,0.0114531,0.159947,0,0.00988059
8.87,0,0,0.013082,0.165959,0,0.0114533
8.88,0,0,0.014775,0.172786,0,0.0130821
8.89,0,0,0.0165405,0.18046,0,0.0147752
8.9,0,0,0.0183872,0.189019,0,0.0165407
8.91,0,0,0.020324,0.198505,0,0.0183873
8.92,0,0,0.0223605,0.208965,0,0.0203242
8.93,0,0,0.0245067,0.220449,0,0.0223607
8.94,0,0,0.0267731,0.233015,0,0.0245069
8.95,0,0,0.0291708,0.246723,0,0.0267733
8.96,0,0,0.0317115,0.261641,0,0.029171
8.97,0,0,0.0344078,0.277841,0,0.0317118
8.98,0,0,0.0372729,0.295404,0,0.0344081
8.99,0,0,0.0403207,0.314415,0,0.0372732
9,0,0,0.0435663,0.334967,0,0.0403211
9.01,0,0,0.0470255,0.35716,0,0.0435666
9.02,0,0,0.0507153,0.381103,0,0.0470259
9.03,0,0,0.0546538,0.406914,0,0.0507157
9.04,0,0,0.0588602,0.434717,0,0.0546542
9.05,0,0,0.0633552,0.464649,0,0.0588606
9.06,0,0,0.0681607,0.496856,0,0.0633556
9.07,0,0,0.0733004,0.531494,0,0.0681612
9.08,0,0,0.0787992,0.568732,0,0.0733009
9.09,0,0,0.0846842,0.608752,0,0.0787998
9.1,0,0,0.0909842,0.651747,0,0.0846849
9.11,0,0,0.0977298,0.697925,0,0.0909848
9.12,0,0,0.104954,0.747511,0,0.0977304
9.13,0,0,0.112692,0.800744,0,0.104955
9.14,0,0,0.120982,0.857879,0,0.112693
9.15,0,0,0.129864,0.919191,0,0.120983
9.16,0,0,0.13938,0.984974,0,0.129864
9.17,0,0,0.149579,1.05554,0,0.139381
9.18,0,0,0.160508,1.13123,0,0.14958
9.19,0,0,0.172222,1.21239,0,0.160509
9.2,0,0,0.184776,1.29942,0,0.172223
9.21,0,0,0.198231,1.39271,0,0.184777
9.22,0,0,0.212652,1.49269,0,0.198232
9.23,0,0,0.228108,1.59984,0,0.212653
9.24,0,0,0.244674,1.71462,0,0.22811
9.25,0,0,0.262428,1.83757,0,0.244676
9.26,0,0,0.281454,1.96922,0,0.26243
9.27,0,0,0.301843,2.11015,0,0.281456
9.28,0,0,0.32369,2.26096,0,0.301845
9.29,0,0,0.347097,2.42228,0,0.323692
9.3,0,0,0.372173,2.59477,0,0.3471
9.31,0,0,0.399032,2.77912,0,0.372175
9.32,0,0,0.427797,2.97602,0,0.399035
9.33,0,0,0.458596,3.1862,0,0.4278
9.34,0,0,0.491567,3.4104,0,0.4586
9.35,0,0,0.526853,3.64933,0,0.491571
9.36,0,0,0.564605,3.90373,0,0.526857
9.37,0,0,0.604981,4.17429,0,0.564609
9.38,0,0,0.648147,4.46169,0,0.604985
9.39,0,0,0.694273,4.76652,0,0.648151
9.4,0,0,0.743537,5.0893,0,0.694278
9.41,0,0,0.79612,5.43043,0,0.743542
9.42,0,0,0.852207,5.79018,0,0.796125
9.43,0,0,0.911985,6.1686,0,0.852213
9.44,0,0,0.97564,6.56551,0,0.911991
9.45,0,0,1.04335,6.98043,0,0.975647
9.46,0,0,1.11531,7.41255,0,1.04336
9.47,0,0,1.19166,7.86062,0,1.11531
9.48,0,0,1.27257,8.32291,0,1.19167
9.49,0,0,1.35816,8.79714,0,1.27257
9.5,0,0,1.44854,9.28042,0,1.35817
9.51,0,0,1.54378,9.76918,0,1.44855
9.52,0,0,1.64393,10.2592,0,1.54379
9.53,0,0,1.74895,10.7455,0,1.64394
9.54,0,0,1.8588,11.2223,0,1.74896
9.55,0,0,1.97335,11.6835,0,1.85881
9.56,0,0,2.0924,12.1223,0,1.97336
9.57,0,0,2.21569,12.5314,0,2.09241
9.58,0,0,2.3429,12.9036,0,2.21571
9.59,0,0,2.47362,13.2316,0,2.34291
9.6,0,0,2.60736,13.5088,0,2.47363
9.61,0,0,2.7436,13.7291,0,2.60738
9.62,0,0,2.88174,13.8874,0,2.74362
9.63,0,0,3.02113,13.9801,0,2.88175
9.64,0,0,-3.12207,14.0048,0,3.02115
9.65,0,0,-2.98218,13.961,0,-3.12206
9.66,0,0,-2.84308,13.8498,0,-2.98217
9.67,0,0,-2.70541,13.6737,0,-2.84306
9.68,0,0,-2.5698,13.4371,0,-2.70539
9.69,0,0,-2.43685,13.145,0,-2.56979
9.7,0,0,-2.30707,12.804,0,-2.43684
9.71,0,0,-2.18091,12.4208,0,-2.30705
9.72,0,0,-2.05877,12.0027,0,-2.1809
9.73,0,0,-1.94095,11.557,0,-2.05875
9.74,0,0,-1.82769,11.0907,0,-1.94094
9.75,0,0,-1.71918,10.6106,0,-1.82768
9.76,0,0,-1.61551,10.1228,0,-1.71917
9.77,0,0,-1.51673,9.63265,0,-1.6155
9.78,0,0,-1.42285,9.14501,0,-1.51672
9.79,0,0,-1.33381,8.66393,0,-1.42284
9.8,0,0,-1.24953,8.19277,0,-1.3338
9.81,0,0,-1.16991,7.73424,0,-1.24953
9.82,0,0,-1.0948,7.29047,0,-1.1699
9.83,0,0,-1.02405,6.86304,0,-1.09479
9.84,0,0,-0.95748,6.45307,0,-1.02404
9.85,0,0,-0.894923,6.06128,0,-0.957473
9.86,0,0,-0.836192,5.68807,0,-0.894917
9.87,0,0,-0.781099,5.33353,0,-0.836186
9.88,0,0,-0.729459,4.99754,0,-0.781094
9.89,0,0,-0.681087,4.67982,0,-0.729454
9.9,0,0,-0.635803,4.37991,0,-0.681082
9.91,0,0,-0.593431,4.09728,0,-0.635798
9.92,0,0,-0.553801,3.8313,0,-0.593427
9.93,0,0,-0.516751,3.58129,0,-0.553798
9.94,0,0,-0.482124,3.34655,0,-0.516748
9.95,0,0,-0.449772,3.12635,0,-0.482121
9.96,0,0,-0.419551,2.91995,0,-0.449769
9.97,0,0,-0.391329,2.72663,0,-0.419548
9.98,0,0,-0.364977,2.54567,0,-0.391326
9.99,0,0,-0.340376,2.37637,0,-0.364975
10,0,0,-0.317413,2.21806,0,-0.340374
