6.94505e-310,0,0,0,0.1,0,0
0.01,0,0,0.00100082,0.100245,0,0.00100082
0.02,0,0,0.00200654,0.100982,0,0.00200654
0.03,0,0,0.00302211,0.102215,0,0.00302211
0.04,0,0,0.0040525,0.103948,0,0.0040525
0.05,0,0,0.00510277,0.106192,0,0.00510277
0.06,0,0,0.00617807,0.108956,0,0.00617807
0.07,0,0,0.00728368,0.112255,0,0.00728368
0.08,0,0,0.00842501,0.116105,0,0.00842501
0.09,0,0,0.00960767,0.120524,0,0.00960767
0.1,0,0,0.0108375,0.125534,0,0.0108375
0.11,0,0,0.0121204,0.13116,0,0.0121204
0.12,0,0,0.0134628,0.13743,0,0.0134628
0.13,0,0,0.0148712,0.144373,0,0.0148712
0.14,0,0,0.0163526,0.152025,0,0.0163526
0.15,0,0,0.0179142,0.160422,0,0.0179142
0.16,0,0,0.0195637,0.169606,0,0.0195637
0.17,0,0,0.0213091,0.179622,0,0.0213091
0.18,0,0,0.023159,0.190518,0,0.023159
0.19,0,0,0.0251226,0.202349,0,0.0251226
0.2,0,0,0.0272093,0.215173,0,0.0272093
0.21,0,0,0.0294295,0.229051,0,0.0294295
0.22,0,0,0.0317941,0.244052,0,0.0317941
0.23,0,0,0.0343145,0.26025,0,0.0343145
0.24,0,0,0.0370033,0.277724,0,0.0370033
0.25,0,0,0.0398736,0.296559,0,0.0398736
0.26,0,0,0.0429393,0.316848,0,0.0429393
0.27,0,0,0.0462157,0.33869,0,0.0462157
0.28,0,0,0.0497186,0.362191,0,0.0497186
0.29,0,0,0.0534654,0.387467,0,0.0534654
0.3,0,0,0.0574743,0.41464,0,0.0574743
0.31,0,0,0.0617649,0.443844,0,0.0617649
0.32,0,0,0.0663584,0.475221,0,0.0663584
0.33,0,0,0.0712771,0.508924,0,0.0712771
0.34,0,0,0.0765451,0.545117,0,0.0765451
0.35,0,0,0.0821883,0.583977,0,0.0821883
0.36,0,0,0.0882341,0.625691,0,0.0882341
0.37,0,0,0.0947122,0.670462,0,0.0947122
0.38,0,0,0.101654,0.718507,0,0.101654
0.39,0,0,0.109094,0.770059,0,0.109094
0.4,0,0,0.117068,0.825365,0,0.117068
0.41,0,0,0.125615,0.884692,0,0.125615
0.42,0,0,0.134776,0.948325,0,0.134776
0.43,0,0,0.144596,1.01657,0,0.144596
0.44,0,0,0.155124,1.08974,0,0.155124
0.45,0,0,0.166409,1.1682,0,0.166409
0.46,0,0,0.178506,1.25231,0,0.178506
0.47,0,0,0.191475,1.34246,0,0.191475
0.48,0,0,0.205377,1.43908,0,0.205377
0.49,0,0,0.22028,1.54261,0,0.22028
0.5,0,0,0.236254,1.65352,0,0.236254
0.51,0,0,0.253376,1.77232,0,0.253376
0.52,0,0,0.271728,1.89953,0,0.271728
0.53,0,0,0.291396,2.03571,0,0.291396
0.54,0,0,0.312474,2.18146,0,0.312474
0.55,0,0,0.33506,2.33739,0,0.33506
0.56,0,0,0.359258,2.50415,0,0.359258
0.57,0,0,0.385181,2.6824,0,0.385181
0.58,0,0,0.412946,2.87284,0,0.412946
0.59,0,0,0.44268,3.07619,0,0.44268
0.6,0,0,0.474515,3.29317,0,0.474515
0.61,0,0,0.508591,3.52451,0,0.508591
0.62,0,0,0.545056,3.77094,0,0.545056
0.63,0,0,0.584063,4.03318,0,0.584063
0.64,0,0,0.625774,4.31192,0,0.625774
0.65,0,0,0.670358,4.60778,0,0.670358
0.66,0,0,0.717988,4.92134,0,0.717988
0.67,0,0,0.768845,5.25307,0,0.768845
0.68,0,0,0.823111,5.60329,0,0.823111
0.69,0,0,0.880972,5.97217,0,0.880972
0.7,0,0,0.942616,6.35967,0,0.942616
0.71,0,0,1.00823,6.76547,0,1.00823
0.72,0,0,1.07798,7.18893,0,1.07798
0.73,0,0,1.15206,7.62903,0,1.15206
0.74,0,0,1.23061,8.0843,0,1.23061
0.75,0,0,1.31379,8.55274,0,1.31379
0.76,0,0,1.4017,9.03179,0,1.4017
0.77,0,0,1.49445,9.51824,0,1.49445
0.78,0,0,1.59208,10.0082,0,1.59208
0.79,0,0,1.69461,10.497,0,1.69461
0.8,0,0,1.802,10.9795,0,1.802
0.81,0,0,1.91416,11.4495,0,1.91416
0.82,0,0,2.03093,11.9006,0,2.03093
0.83,0,0,2.15208,12.3258,0,2.15208
0.84,0,0,2.27733,12.7178,0,2.27733
0.85,0,0,2.4063,13.0693,0,2.4063
0.86,0,0,2.53856,13.3733,0,2.53856
0.87,0,0,2.67359,13.6235,0,2.67359
0.88,0,0,2.81083,13.814,0,2.81083
0.89,0,0,2.94966,13.9407,0,2.94966
0.9,0,0,3.08942,14.0004,0,3.08942
0.91,0,0,-3.05375,13.9916,0,-3.05375
0.92,0,0,-2.91416,13.9147,0,-2.91416
0.93,0,0,-2.77568,13.7714,0,-2.77568
0.94,0,0,-2.63894,13.5652,0,-2.63894
0.95,0,0,-2.50457,13.3008,0,-2.50457
0.96,0,0,-2.3731,12.984,0,-2.3731
0.97,0,0,-2.24504,12.6215,0,-2.24504
0.98,0,0,-2.1208,12.2203,0,-2.1208
0.99,0,0,-2.00074,11.7879,0,-2.00074
1,0,0,-1.88512,11.3313,0,-1.88512
1.01,0,0,-1.77417,10.8575,0,-1.77417
1.02,0,0,-1.66801,10.3729,0,-1.66801
1.03,0,0,-1.56673,9.88327,0,-1.56673
1.04,0,0,-1.47034,9.39381,0,-1.47034
1.05,0,0,-1.37883,8.90891,0,-1.37883
1.06,0,0,-1.29214,8.43228,0,-1.29214
1.07,0,0,-1.21015,7.96698,0,-1.21015
1.08,0,0,-1.13275,7.51541,0,-1.13275
1.09,0,0,-1.05979,7.07943,0,-1.05979
1.1,0,0,-0.991105,6.66039,0,-0.991105
1.11,0,0,-0.926522,6.25922,0,-0.926522
1.12,0,0,-0.865859,5.87644,0,-0.865859
1.13,0,0,-0.808931,5.51232,0,-0.808931
1.14,0,0,-0.75555,5.16684,0,-0.75555
1.15,0,0,-0.705532,4.83979,0,-0.705532
1.16,0,0,-0.658694,4.53079,0,-0.658694
1.17,0,0,-0.614857,4.23936,0,-0.614857
1.18,0,0,-0.57385,3.96489,0,-0.57385
1.19,0,0,-0.535505,3.70676,0,-0.535505
1.2,0,0,-0.499662,3.46425,0,-0.499662
1.21,0,0,-0.46617,3.23665,0,-0.46617
1.22,0,0,-0.434882,3.02322,0,-0.434882
1.23,0,0,-0.40566,2.82324,0,-0.40566
1.24,0,0,-0.378374,2.63599,0,-0.378374
1.25,0,0,-0.3529,2.46074,0,-0.3529
1.26,0,0,-0.329122,2.29682,0,-0.329122
1.27,0,0,-0.306928,2.14356,0,-0.306928
1.28,0,0,-0.286217,2.00032,0,-0.286217
1.29,0,0,-0.26689,1.8665,0,-0.26689
1.3,0,0,-0.248857,1.7415,0,-0.248857
1.31,0,0,-0.232033,1.62478,0,-0.232033
1.32,0,0,-0.216336,1.51582,0,-0.216336
1.33,0,0,-0.201692,1.41412,0,-0.201692
1.34,0,0,-0.188031,1.31921,0,-0.188031
1.35,0,0,-0.175286,1.23067,0,-0.175286
1.36,0,0,-0.163397,1.14806,0,-0.163397
1.37,0,0,-0.152306,1.07101,0,-0.152306
1.38,0,0,-0.14196,0.999159,0,-0.14196
1.39,0,0,-0.132307,0.932156,0,-0.132307
1.4,0,0,-0.123301,0.869685,0,-0.123301
1.41,0,0,-0.114899,0.811448,0,-0.114899
1.42,0,0,-0.107059,0.757165,0,-0.107059
1.43,0,0,-0.0997436,0.706574,0,-0.0997436
1.44,0,0,-0.0929163,0.659433,0,-0.0929163
1.45,0,0,-0.0865441,0.615512,0,-0.0865441
1.46,0,0,-0.080596,0.574599,0,-0.080596
1.47,0,0,-0.0750427,0.536496,0,-0.0750427
1.48,0,0,-0.0698573,0.501016,0,-0.0698573
1.49,0,0,-0.0650142,0.467989,0,-0.0650142
1.5,0,0,-0.0604898,0.437252,0,-0.0604898
1.51,0,0,-0.056262,0.408656,0,-0.056262
1.52,0,0,-0.05231,0.382062,0,-0.05231
1.53,0,0,-0.0486145,0.357339,0,-0.0486145
1.54,0,0,-0.0451574,0.334367,0,-0.0451574
1.55,0,0,-0.0419217,0.313034,0,-0.0419217
1.56,0,0,-0.0388915,0.293235,0,-0.0388915
1.57,0,0,-0.0360522,0.274873,0,-0.0360522
1.58,0,0,-0.0333896,0.257858,0,-0.0333896
1.59,0,0,-0.0308908,0.242108,0,-0.0308908
1.6,0,0,-0.0285434,0.227545,0,-0.0285434
1.61,0,0,-0.0263361,0.214097,0,-0.0263361
1.62,0,0,-0.024258,0.2017,0,-0.024258
1.63,0,0,-0.0222988,0.190291,0,-0.0222988
1.64,0,0,-0.020449,0.179816,0,-0.020449
1.65,0,0,-0.0186996,0.170222,0,-0.0186996
1.66,0,0,-0.0170418,0.161464,0,-0.0170418
1.67,0,0,-0.0154676,0.153497,0,-0.0154676
1.68,0,0,-0.0139693,0.146283,0,-0.0139693
1.69,0,0,-0.0125396,0.139787,0,-0.0125396
1.7,0,0,-0.0111713,0.133977,0,-0.0111713
1.71,0,0,-0.00985784,0.128823,0,-0.00985784
1.72,0,0,-0.00859273,0.124301,0,-0.00859273
1.73,0,0,-0.00736978,0.12039,0,-0.00736978
1.74,0,0,-0.00618297,0.117068,0,-0.00618297
1.75,0,0,-0.00502649,0.114321,0,-0.00502649
1.76,0,0,-0.00389467,0.112135,0,-0.00389467
1.77,0,0,-0.00278196,0.110499,0,-0.00278196
1.78,0,0,-0.00168289,0.109404,0,-0.00168289
1.79,0,0,-0.000592079,0.108847,0,-0.000592079
1.8,0,0,0.000495828,0.108823,0,0.000495828
1.81,0,0,0.00158617,0.109334,0,0.00158617
1.82,0,0,0.00268428,0.11038,0,0.00268428
1.83,0,0,0.00379557,0.111968,0,0.00379557
1.84,0,0,0.00492547,0.114105,0,0.00492547
1.85,0,0,0.00607954,0.116802,0,0.00607954
1.86,0,0,0.00726342,0.120072,0,0.00726342
1.87,0,0,0.00848294,0.123931,0,0.00848294
1.88,0,0,0.00974406,0.128398,0,0.00974406
1.89,0,0,0.011053,0.133494,0,0.011053
1.9,0,0,0.0124161,0.139245,0,0.0124161
1.91,0,0,0.0138402,0.14568,0,0.0138402
1.92,0,0,0.0153321,0.152829,0,0.0153321
1.93,0,0,0.0168992,0.160727,0,0.0168992
1.94,0,0,0.0185492,0.169414,0,0.0185492
1.95,0,0,0.0202903,0.178931,0,0.0202903
1.96,0,0,0.0221308,0.189326,0,0.0221308
1.97,0,0,0.0240799,0.20065,0,0.0240799
1.98,0,0,0.0261471,0.212958,0,0.0261471
1.99,0,0,0.0283425,0.226309,0,0.0283425
2,0,0,0.0306769,0.240771,0,0.0306769
2.01,0,0,0.0331618,0.256413,0,0.0331618
2.02,0,0,0.0358094,0.273312,0,0.0358094
2.03,0,0,0.0386325,0.291551,0,0.0386325
2.04,0,0,0.0416451,0.311219,0,0.0416451
2.05,0,0,0.0448619,0.332412,0,0.0448619
2.06,0,0,0.0482988,0.355234,0,0.0482988
2.07,0,0,0.0519724,0.379797,0,0.0519724
2.08,0,0,0.0559009,0.40622,0,0.0559009
2.09,0,0,0.0601034,0.434633,0,0.0601034
2.1,0,0,0.0646006,0.465174,0,0.0646006
2.11,0,0,0.0694144,0.497992,0,0.0694144
2.12,0,0,0.0745685,0.533246,0,0.0745685
2.13,0,0,0.080088,0.571109,0,0.080088
2.14,0,0,0.086,0.611765,0,0.086
2.15,0,0,0.0923333,0.65541,0,0.0923333
2.16,0,0,0.0991188,0.702257,0,0.0991188
2.17,0,0,0.10639,0.752531,0,0.10639
2.18,0,0,0.114182,0.806476,0,0.114182
2.19,0,0,0.122532,0.864351,0,0.122532
2.2,0,0,0.131483,0.926434,0,0.131483
2.21,0,0,0.141076,0.993022,0,0.141076
2.22,0,0,0.151359,1.06443,0,0.151359
2.23,0,0,0.162382,1.14101,0,0.162382
2.24,0,0,0.174197,1.2231,0,0.174197
2.25,0,0,0.186863,1.3111,0,0.186863
2.26,0,0,0.200441,1.40543,0,0.200441
2.27,0,0,0.214994,1.5065,0,0.214994
2.28,0,0,0.230595,1.6148,0,0.230595
2.29,0,0,0.247316,1.73081,0,0.247316
2.3,0,0,0.265238,1.85505,0,0.265238
2.31,0,0,0.284446,1.98807,0,0.284446
2.32,0,0,0.30503,2.13045,0,0.30503
2.33,0,0,0.327088,2.28279,0,0.327088
2.34,0,0,0.350721,2.44574,0,0.350721
2.35,0,0,0.37604,2.61995,0,0.37604
2.36,0,0,0.40316,2.80611,0,0.40316
2.37,0,0,0.432204,3.00492,0,0.432204
2.38,0,0,0.463303,3.21712,0,0.463303
2.39,0,0,0.496593,3.44343,0,0.496593
2.4,0,0,0.532221,3.68459,0,0.532221
2.41,0,0,0.570337,3.9413,0,0.570337
2.42,0,0,0.611101,4.21429,0,0.611101
2.43,0,0,0.654679,4.50419,0,0.654679
2.44,0,0,0.701243,4.8116,0,0.701243
2.45,0,0,0.75097,5.13703,0,0.75097
2.46,0,0,0.804044,5.48086,0,0.804044
2.47,0,0,0.860649,5.84332,0,0.860649
2.48,0,0,0.920972,6.22443,0,0.920972
2.49,0,0,0.985199,6.62399,0,0.985199
2.5,0,0,1.05351,7.04147,0,1.05351
2.51,0,0,1.12609,7.47599,0,1.12609
2.52,0,0,1.20308,7.92624,0,1.20308
2.53,0,0,1.28466,8.39041,0,1.28466
2.54,0,0,1.37093,8.86614,0,1.37093
2.55,0,0,1.46201,9.35045,0,1.46201
2.56,0,0,1.55795,9.83967,0,1.55795
2.57,0,0,1.6588,10.3295,0,1.6588
2.58,0,0,1.76453,10.8147,0,1.76453
2.59,0,0,1.87506,11.2898,0,1.87506
2.6,0,0,1.99027,11.7481,0,1.99027
2.61,0,0,2.10995,12.183,0,2.10995
2.62,0,0,2.23383,12.5873,0,2.23383
2.63,0,0,2.36156,12.9535,0,2.36156
2.64,0,0,2.49275,13.2747,0,2.49275
2.65,0,0,2.62688,13.544,0,2.62688
2.66,0,0,2.76343,13.7556,0,2.76343
2.67,0,0,2.90179,13.9047,0,2.90179
2.68,0,0,3.0413,13.9876,0,3.0413
2.69,0,0,-3.10187,14.0024,0,-3.10187
2.7,0,0,-2.96206,13.9488,0,-2.96206
2.71,0,0,-2.82312,13.828,0,-2.82312
2.72,0,0,-2.68571,13.643,0,-2.68571
2.73,0,0,-2.55046,13.398,0,-2.55046
2.74,0,0,-2.41794,13.0985,0,-2.41794
2.75,0,0,-2.28865,12.7509,0,-2.28865
2.76,0,0,-2.16305,12.3622,0,-2.16305
2.77,0,0,-2.04152,11.9397,0,-2.04152
2.78,0,0,-1.92435,11.4906,0,-1.92435
2.79,0,0,-1.81177,11.022,0,-1.81177
2.8,0,0,-1.70395,10.5404,0,-1.70395
2.81,0,0,-1.60099,10.0519,0,-1.60099
2.82,0,0,-1.50292,9.56184,0,-1.50292
2.83,0,0,-1.40974,9.07491,0,-1.40974
2.84,0,0,-1.3214,8.59507,0,-1.3214
2.85,0,0,-1.2378,8.12557,0,-1.2378
2.86,0,0,-1.15884,7.66904,0,-1.15884
2.87,0,0,-1.08437,7.22753,0,-1.08437
2.88,0,0,-1.01424,6.80255,0,-1.01424
2.89,0,0,-0.948262,6.39515,0,-0.948262
2.9,0,0,-0.886271,6.00601,0,-0.886271
2.91,0,0,-0.828079,5.63548,0,-0.828079
2.92,0,0,-0.773499,5.28361,0,-0.773499
2.93,0,0,-0.722345,4.95026,0,-0.722345
2.94,0,0,-0.674433,4.63511,0,-0.674433
2.95,0,0,-0.629584,4.3377,0,-0.629584
2.96,0,0,-0.587621,4.05748,0,-0.587621
2.97,0,0,-0.548378,3.79382,0,-0.548378
2.98,0,0,-0.511692,3.54602,0,-0.511692
2.99,0,0,-0.477407,3.31339,0,-0.477407
3,0,0,-0.445376,3.09518,0,-0.445376
3.01,0,0,-0.415458,2.89068,0,-0.415458
3.02,0,0,-0.387519,2.69914,0,-0.387519
3.03,0,0,-0.361434,2.51985,0,-0.361434
3.04,0,0,-0.337083,2.35213,0,-0.337083
3.05,0,0,-0.314355,2.19529,0,-0.314355
3.06,0,0,-0.293143,2.04869,0,-0.293143
3.07,0,0,-0.273349,1.91171,0,-0.273349
3.08,0,0,-0.254879,1.78376,0,-0.254879
3.09,0,0,-0.237645,1.66428,0,-0.237645
3.1,0,0,-0.221566,1.55273,0,-0.221566
3.11,0,0,-0.206566,1.4486,0,-0.206566
3.12,0,0,-0.192571,1.35144,0,-0.192571
3.13,0,0,-0.179515,1.26078,0,-0.179515
3.14,0,0,-0.167335,1.1762,0,-0.167335
3.15,0,0,-0.155972,1.09731,0,-0.155972
3.16,0,0,-0.145371,1.02374,0,-0.145371
3.17,0,0,-0.135481,0.95514,0,-0.135481
3.18,0,0,-0.126253,0.891181,0,-0.126253
3.19,0,0,-0.117643,0.831558,0,-0.117643
3.2,0,0,-0.109608,0.775986,0,-0.109608
3.21,0,0,-0.10211,0.724198,0,-0.10211
3.22,0,0,-0.0951124,0.675943,0,-0.0951124
3.23,0,0,-0.0885803,0.63099,0,-0.0885803
3.24,0,0,-0.0824823,0.589119,0,-0.0824823
3.25,0,0,-0.0767883,0.550128,0,-0.0767883
3.26,0,0,-0.0714707,0.513828,0,-0.0714707
3.27,0,0,-0.0665034,0.480042,0,-0.0665034
3.28,0,0,-0.061862,0.448605,0,-0.061862
3.29,0,0,-0.0575239,0.419365,0,-0.0575239
3.3,0,0,-0.0534678,0.392179,0,-0.0534678
3.31,0,0,-0.0496739,0.366913,0,-0.0496739
3.32,0,0,-0.0461235,0.343446,0,-0.0461235
3.33,0,0,-0.0427993,0.321661,0,-0.0427993
3.34,0,0,-0.039685,0.301452,0,-0.039685
3.35,0,0,-0.0367654,0.282721,0,-0.0367654
3.36,0,0,-0.034026,0.265376,0,-0.034026
3.37,0,0,-0.0314535,0.249332,0,-0.0314535
3.38,0,0,-0.0290352,0.234511,0,-0.0290352
3.39,0,0,-0.0267594,0.220839,0,-0.0267594
3.4,0,0,-0.0246148,0.20825,0,-0.0246148
3.41,0,0,-0.022591,0.196683,0,-0.022591
3.42,0,0,-0.020678,0.18608,0,-0.020678
3.43,0,0,-0.0188663,0.176389,0,-0.0188663
3.44,0,0,-0.0171473,0.167564,0,-0.0171473
3.45,0,0,-0.0155123,0.159561,0,-0.0155123
3.46,0,0,-0.0139534,0.15234,0,-0.0139534
3.47,0,0,-0.012463,0.145866,0,-0.012463
3.48,0,0,-0.0110337,0.140108,0,-0.0110337
3.49,0,0,-0.00965856,0.135037,0,-0.00965856
3.5,0,0,-0.00833077,0.130629,0,-0.00833077
3.51,0,0,-0.00704385,0.126861,0,-0.00704385
3.52,0,0,-0.00579148,0.123715,0,-0.00579148
3.53,0,0,-0.00456752,0.121177,0,-0.00456752
3.54,0,0,-0.00336596,0.119232,0,-0.00336596
3.55,0,0,-0.00218092,0.117873,0,-0.00218092
3.56,0,0,-0.00100657,0.117092,0,-0.00100657
3.57,0,0,0.000162833,0.116885,0,0.000162833
3.58,0,0,0.00133304,0.117252,0,0.00133304
3.59,0,0,0.00250978,0.118193,0,0.00250978
3.6,0,0,0.00369884,0.119715,0,0.00369884
3.61,0,0,0.00490603,0.121824,0,0.00490603
3.62,0,0,0.0061373,0.12453,0,0.0061373
3.63,0,0,0.00739866,0.127847,0,0.00739866
3.64,0,0,0.00869632,0.131791,0,0.00869632
3.65,0,0,0.0100366,0.136382,0,0.0100366
3.66,0,0,0.0114262,0.141642,0,0.0114262
3.67,0,0,0.0128718,0.147596,0,0.0128718
3.68,0,0,0.0143805,0.154274,0,0.0143805
3.69,0,0,0.0159598,0.16171,0,0.0159598
3.7,0,0,0.0176173,0.169938,0,0.0176173
3.71,0,0,0.0193613,0.178999,0,0.0193613
3.72,0,0,0.0212002,0.188939,0,0.0212002
3.73,0,0,0.0231432,0.199805,0,0.0231432
3.74,0,0,0.0251996,0.211651,0,0.0251996
3.75,0,0,0.0273796,0.224535,0,0.0273796
3.76,0,0,0.029694,0.23852,0,0.029694
3.77,0,0,0.0321539,0.253674,0,0.0321539
3.78,0,0,0.0347716,0.270072,0,0.0347716
3.79,0,0,0.0375597,0.287794,0,0.0375597
3.8,0,0,0.0405321,0.306927,0,0.0405321
3.81,0,0,0.0437033,0.327564,0,0.0437033
3.82,0,0,0.0470887,0.349806,0,0.0470887
3.83,0,0,0.0507051,0.373763,0,0.0507051
3.84,0,0,0.0545701,0.39955,0,0.0545701
3.85,0,0,0.0587026,0.427294,0,0.0587026
3.86,0,0,0.0631229,0.457131,0,0.0631229
3.87,0,0,0.0678526,0.489206,0,0.0678526
3.88,0,0,0.0729149,0.523674,0,0.0729149
3.89,0,0,0.0783346,0.560705,0,0.0783346
3.9,0,0,0.0841381,0.600478,0,0.0841381
3.91,0,0,0.0903539,0.643185,0,0.0903539
3.92,0,0,0.0970123,0.689035,0,0.0970123
3.93,0,0,0.104146,0.738249,0,0.104146
3.94,0,0,0.111789,0.791064,0,0.111789
3.95,0,0,0.11998,0.847736,0,0.11998
3.96,0,0,0.128758,0.908536,0,0.128758
3.97,0,0,0.138165,0.973755,0,0.138165
3.98,0,0,0.148248,1.04371,0,0.148248
3.99,0,0,0.159056,1.11872,0,0.159056
4,0,0,0.170641,1.19915,0,0.170641
4.01,0,0,0.183058,1.28538,0,0.183058
4.02,0,0,0.196369,1.37781,0,0.196369
4.03,0,0,0.210637,1.47686,0,0.210637
4.04,0,0,0.22593,1.583,0,0.22593
4.05,0,0,0.242322,1.69671,0,0.242322
4.06,0,0,0.259891,1.81849,0,0.259891
4.07,0,0,0.27872,1.9489,0,0.27872
4.08,0,0,0.298899,2.08849,0,0.298899
4.09,0,0,0.320523,2.23788,0,0.320523
4.1,0,0,0.343691,2.39768,0,0.343691
4.11,0,0,0.368513,2.56855,0,0.368513
4.12,0,0,0.395101,2.75117,0,0.395101
4.13,0,0,0.423578,2.94624,0,0.423578
4.14,0,0,0.45407,3.15449,0,0.45407
4.15,0,0,0.486714,3.37663,0,0.486714
4.16,0,0,0.521651,3.61341,0,0.521651
4.17,0,0,0.559033,3.86555,0,0.559033
4.18,0,0,0.599015,4.13375,0,0.599015
4.19,0,0,0.641763,4.41869,0,0.641763
4.2,0,0,0.687447,4.72098,0,0.687447
4.21,0,0,0.736242,5.04115,0,0.736242
4.22,0,0,0.78833,5.37962,0,0.78833
4.23,0,0,0.843896,5.73667,0,0.843896
4.24,0,0,0.903126,6.1124,0,0.903126
4.25,0,0,0.966206,6.50667,0,0.966206
4.26,0,0,1.03332,6.91903,0,1.03332
4.27,0,0,1.10464,7.34874,0,1.10464
4.28,0,0,1.18035,7.7946,0,1.18035
4.29,0,0,1.26058,8.25496,0,1.26058
4.3,0,0,1.34549,8.72762,0,1.34549
4.31,0,0,1.43517,9.20979,0,1.43517
4.32,0,0,1.5297,9.69801,0,1.5297
4.33,0,0,1.62913,10.1881,0,1.62913
4.34,0,0,1.73346,10.6753,0,1.73346
4.35,0,0,1.84261,11.1539,0,1.84261
4.36,0,0,1.95648,11.6178,0,1.95648
4.37,0,0,2.07489,12.0602,0,2.07489
4.38,0,0,2.19759,12.474,0,2.19759
4.39,0,0,2.32425,12.852,0,2.32425
4.4,0,0,2.45449,13.1869,0,2.45449
4.41,0,0,2.58783,13.4719,0,2.58783
4.42,0,0,2.72374,13.7007,0,2.72374
4.43,0,0,2.86164,13.8683,0,2.86164
4.44,0,0,3.00089,13.9706,0,3.00089
4.45,0,0,3.14082,14.0053,0,3.14082
4.46,0,0,-3.00242,13.9714,0,-3.00242
4.47,0,0,-2.86316,13.8698,0,-2.86316
4.48,0,0,-2.72524,13.7029,0,-2.72524
4.49,0,0,-2.58931,13.4747,0,-2.58931
4.5,0,0,-2.45594,13.1904,0,-2.45594
4.51,0,0,-2.32567,12.856,0,-2.32567
4.52,0,0,-2.19896,12.4784,0,-2.19896
4.53,0,0,-2.07622,12.065,0,-2.07622
4.54,0,0,-1.95776,11.6228,0,-1.95776
4.55,0,0,-1.84383,11.1591,0,-1.84383
4.56,0,0,-1.73462,10.6806,0,-1.73462
4.57,0,0,-1.63025,10.1936,0,-1.63025
4.58,0,0,-1.53076,9.70345,0,-1.53076
4.59,0,0,-1.43617,9.21518,0,-1.43617
4.6,0,0,-1.34644,8.73293,0,-1.34644
4.61,0,0,-1.26148,8.26014,0,-1.26148
4.62,0,0,-1.18119,7.79963,0,-1.18119
4.63,0,0,-1.10544,7.3536,0,-1.10544
4.64,0,0,-1.03407,6.92372,0,-1.03407
4.65,0,0,-0.966907,6.51115,0,-0.966907
4.66,0,0,-0.903783,6.11669,0,-0.903783
4.67,0,0,-0.844511,5.74076,0,-0.844511
4.68,0,0,-0.788905,5.38351,0,-0.788905
4.69,0,0,-0.736779,5.04483,0,-0.736779
4.7,0,0,-0.687947,4.72447,0,-0.687947
4.71,0,0,-0.64223,4.42199,0,-0.64223
4.72,0,0,-0.599449,4.13688,0,-0.599449
4.73,0,0,-0.559436,3.8685,0,-0.559436
4.74,0,0,-0.522026,3.6162,0,-0.522026
4.75,0,0,-0.487061,3.37926,0,-0.487061
4.76,0,0,-0.454391,3.15697,0,-0.454391
4.77,0,0,-0.423875,2.94859,0,-0.423875
4.78,0,0,-0.395375,2.75338,0,-0.395375
4.79,0,0,-0.368765,2.57064,0,-0.368765
4.8,0,0,-0.343923,2.39966,0,-0.343923
4.81,0,0,-0.320735,2.23975,0,-0.320735
4.82,0,0,-0.299093,2.09027,0,-0.299093
4.83,0,0,-0.278897,1.95059,0,-0.278897
4.84,0,0,-0.260051,1.82011,0,-0.260051
4.85,0,0,-0.242466,1.69825,0,-0.242466
4.86,0,0,-0.226059,1.58447,0,-0.226059
4.87,0,0,-0.210751,1.47828,0,-0.210751
4.88,0,0,-0.196469,1.37917,0,-0.196469
4.89,0,0,-0.183145,1.28669,0,-0.183145
4.9,0,0,-0.170715,1.20043,0,-0.170715
4.91,0,0,-0.159117,1.11996,0,-0.159117
4.92,0,0,-0.148297,1.04492,0,-0.148297
4.93,0,0,-0.138202,0.974949,0,-0.138202
4.94,0,0,-0.128782,0.909715,0,-0.128782
4.95,0,0,-0.119993,0.848905,0,-0.119993
4.96,0,0,-0.111791,0.79223,0,-0.111791
4.97,0,0,-0.104135,0.739416,0,-0.104135
4.98,0,0,-0.0969901,0.69021,0,-0.0969901
4.99,0,0,-0.0903199,0.644373,0,-0.0903199
5,0,0,-0.0840921,0.601685,0,-0.0840921
5.01,0,0,-0.0782763,0.561938,0,-0.0782763
5.02,0,0,-0.0728442,0.524938,0,-0.0728442
5.03,0,0,-0.067769,0.490507,0,-0.067769
5.04,0,0,-0.063026,0.458476,0,-0.063026
5.05,0,0,-0.058592,0.42869,0,-0.058592
5.06,0,0,-0.0544452,0.401003,0,-0.0544452
5.07,0,0,-0.0505653,0.37528,0,-0.0505653
5.08,0,0,-0.0469334,0.351396,0,-0.0469334
5.09,0,0,-0.0435316,0.329234,0,-0.0435316
5.1,0,0,-0.0403433,0.308685,0,-0.0403433
5.11,0,0,-0.0373529,0.289649,0,-0.0373529
5.12,0,0,-0.0345456,0.272032,0,-0.0345456
5.13,0,0,-0.0319078,0.25575,0,-0.0319078
5.14,0,0,-0.0294264,0.240721,0,-0.0294264
5.15,0,0,-0.0270894,0.226873,0,-0.0270894
5.16,0,0,-0.0248852,0.214137,0,-0.0248852
5.17,0,0,-0.0228031,0.202451,0,-0.0228031
5.18,0,0,-0.0208329,0.191758,0,-0.0208329
5.19,0,0,-0.0189648,0.182006,0,-0.0189648
5.2,0,0,-0.0171898,0.173146,0,-0.0171898
5.21,0,0,-0.0154991,0.165136,0,-0.0154991
5.22,0,0,-0.0138844,0.157935,0,-0.0138844
5.23,0,0,-0.0123378,0.151509,0,-0.0123378
5.24,0,0,-0.0108517,0.145826,0,-0.0108517
5.25,0,0,-0.00941888,0.140858,0,-0.00941888
5.26,0,0,-0.00803224,0.136582,0,-0.00803224
5.27,0,0,-0.006685,0.132975,0,-0.006685
5.28,0,0,-0.00537056,0.130021,0,-0.00537056
5.29,0,0,-0.00408246,0.127704,0,-0.00408246
5.3,0,0,-0.00281439,0.126014,0,-0.00281439
5.31,0,0,-0.00156013,0.124942,0,-0.00156013
5.32,0,0,-0.000313515,0.124482,0,-0.000313515
5.33,0,0,0.000931558,0.124634,0,0.000931558
5.34,0,0,0.0021812,0.125397,0,0.0021812
5.35,0,0,0.00344154,0.126775,0,0.00344154
5.36,0,0,0.00471876,0.128774,0,0.00471876
5.37,0,0,0.00601913,0.131406,0,0.00601913
5.38,0,0,0.00734903,0.134682,0,0.00734903
5.39,0,0,0.00871497,0.138619,0,0.00871497
5.4,0,0,0.0101237,0.143235,0,0.0101237
5.41,0,0,0.011582,0.148554,0,0.011582
5.42,0,0,0.0130972,0.154602,0,0.0130972
5.43,0,0,0.0146766,0.161408,0,0.0146766
5.44,0,0,0.016328,0.169006,0,0.016328
5.45,0,0,0.0180595,0.177433,0,0.0180595
5.46,0,0,0.0198795,0.18673,0,0.0198795
5.47,0,0,0.0217971,0.196943,0,0.0217971
5.48,0,0,0.0238216,0.208121,0,0.0238216
5.49,0,0,0.0259629,0.22032,0,0.0259629
5.5,0,0,0.0282316,0.2336,0,0.0282316
5.51,0,0,0.0306387,0.248025,0,0.0306387
5.52,0,0,0.0331961,0.263666,0,0.0331961
5.53,0,0,0.0359163,0.2806,0,0.0359163
5.54,0,0,0.0388127,0.298909,0,0.0388127
5.55,0,0,0.0418993,0.318683,0,0.0418993
5.56,0,0,0.0451915,0.340019,0,0.0451915
5.57,0,0,0.0487053,0.363022,0,0.0487053
5.58,0,0,0.0524578,0.387803,0,0.0524578
5.59,0,0,0.0564676,0.414483,0,0.0564676
5.6,0,0,0.0607542,0.443194,0,0.0607542
5.61,0,0,0.0653387,0.474074,0,0.0653387
5.62,0,0,0.0702434,0.507275,0,0.0702434
5.63,0,0,0.0754924,0.542959,0,0.0754924
5.64,0,0,0.0811114,0.581298,0,0.0811114
5.65,0,0,0.0871278,0.622479,0,0.0871278
5.66,0,0,0.0935711,0.666701,0,0.0935711
5.67,0,0,0.100473,0.71418,0,0.100473
5.68,0,0,0.107866,0.765144,0,0.107866
5.69,0,0,0.115788,0.81984,0,0.115788
5.7,0,0,0.124276,0.87853,0,0.124276
5.71,0,0,0.133373,0.941497,0,0.133373
5.72,0,0,0.143121,1.00904,0,0.143121
5.73,0,0,0.15357,1.08148,0,0.15357
5.74,0,0,0.164768,1.15917,0,0.164768
5.75,0,0,0.176772,1.24246,0,0.176772
5.76,0,0,0.189638,1.33175,0,0.189638
5.77,0,0,0.203428,1.42746,0,0.203428
5.78,0,0,0.21821,1.53003,0,0.21821
5.79,0,0,0.234053,1.63992,0,0.234053
5.8,0,0,0.251034,1.75763,0,0.251034
5.81,0,0,0.269233,1.8837,0,0.269233
5.82,0,0,0.288737,2.01867,0,0.288737
5.83,0,0,0.309638,2.16314,0,0.309638
5.84,0,0,0.332034,2.3177,0,0.332034
5.85,0,0,0.356028,2.48302,0,0.356028
5.86,0,0,0.381732,2.65974,0,0.381732
5.87,0,0,0.409263,2.84857,0,0.409263
5.88,0,0,0.438746,3.05022,0,0.438746
5.89,0,0,0.470312,3.26541,0,0.470312
5.9,0,0,0.504101,3.49487,0,0.504101
5.91,0,0,0.540259,3.73933,0,0.540259
5.92,0,0,0.57894,3.99951,0,0.57894
5.93,0,0,0.620304,4.27611,0,0.620304
5.94,0,0,0.664519,4.56976,0,0.664519
5.95,0,0,0.711758,4.88104,0,0.711758
5.96,0,0,0.7622,5.21044,0,0.7622
5.97,0,0,0.816028,5.5583,0,0.816028
5.98,0,0,0.873428,5.92481,0,0.873428
5.99,0,0,0.934586,6.30996,0,0.934586
6,0,0,0.999688,6.71347,0,0.999688
6.01,0,0,1.06891,7.13474,0,1.06891
6.02,0,0,1.14244,7.57281,0,1.14244
6.03,0,0,1.22042,8.02625,0,1.22042
6.04,0,0,1.30301,8.49316,0,1.30301
6.05,0,0,1.39032,8.97103,0,1.39032
6.06,0,0,1.48245,9.45674,0,1.48245
6.07,0,0,1.57947,9.94648,0,1.57947
6.08,0,0,1.68138,10.4357,0,1.68138
6.09,0,0,1.78816,10.9193,0,1.78816
6.1,0,0,1.89973,11.3913,0,1.89973
6.11,0,0,2.01593,11.8451,0,2.01593
6.12,0,0,2.13655,12.274,0,2.13655
6.13,0,0,2.2613,12.6706,0,2.2613
6.14,0,0,2.38983,13.0276,0,2.38983
6.15,0,0,2.5217,13.338,0,2.5217
6.16,0,0,2.65641,13.5953,0,2.65641
6.17,0,0,2.79341,13.7936,0,2.79341
6.18,0,0,2.93207,13.9286,0,2.93207
6.19,0,0,3.07175,13.9968,0,3.07175
6.2,0,0,-3.07141,13.9967,0,-3.07141
6.21,0,0,-2.93173,13.9283,0,-2.93173
6.22,0,0,-2.79306,13.7932,0,-2.79306
6.23,0,0,-2.65607,13.5947,0,-2.65607
6.24,0,0,-2.52136,13.3373,0,-2.52136
6.25,0,0,-2.3895,13.0268,0,-2.3895
6.26,0,0,-2.26098,12.6697,0,-2.26098
6.27,0,0,-2.13624,12.273,0,-2.13624
6.28,0,0,-2.01563,11.8441,0,-2.01563
6.29,0,0,-1.89944,11.3902,0,-1.89944
6.3,0,0,-1.78789,10.9182,0,-1.78789
6.31,0,0,-1.68112,10.4346,0,-1.68112
6.32,0,0,-1.57921,9.94531,0,-1.57921
6.33,0,0,-1.48221,9.45557,0,-1.48221
6.34,0,0,-1.39009,8.96988,0,-1.39009
6.35,0,0,-1.30279,8.49203,0,-1.30279
6.36,0,0,-1.22021,8.02515,0,-1.22021
6.37,0,0,-1.14224,7.57174,0,-1.14224
6.38,0,0,-1.06872,7.13372,0,-1.06872
6.39,0,0,-0.999507,6.7125,0,-0.999507
6.4,0,0,-0.934415,6.30904,0,-0.934415
6.41,0,0,-0.873265,5.92393,0,-0.873265
6.42,0,0,-0.815873,5.55747,0,-0.815873
6.43,0,0,-0.762053,5.20966,0,-0.762053
6.44,0,0,-0.711618,4.88031,0,-0.711618
6.45,0,0,-0.664386,4.56908,0,-0.664386
6.46,0,0,-0.620178,4.27548,0,-0.620178
6.47,0,0,-0.578819,3.99893,0,-0.578819
6.48,0,0,-0.540144,3.7388,0,-0.540144
6.49,0,0,-0.503991,3.49438,0,-0.503991
6.5,0,0,-0.470206,3.26497,0,-0.470206
6.51,0,0,-0.438644,3.04982,0,-0.438644
6.52,0,0,-0.409164,2.84822,0,-0.409164
6.53,0,0,-0.381636,2.65943,0,-0.381636
6.54,0,0,-0.355935,2.48275,0,-0.355935
6.55,0,0,-0.331943,2.31747,0,-0.331943
6.56,0,0,-0.30955,2.16295,0,-0.30955
6.57,0,0,-0.28865,2.01852,0,-0.28865
6.58,0,0,-0.269147,1.88359,0,-0.269147
6.59,0,0,-0.250949,1.75757,0,-0.250949
6.6,0,0,-0.233968,1.63989,0,-0.233968
6.61,0,0,-0.218125,1.53004,0,-0.218125
6.62,0,0,-0.203343,1.42751,0,-0.203343
6.63,0,0,-0.189552,1.33184,0,-0.189552
6.64,0,0,-0.176685,1.24259,0,-0.176685
6.65,0,0,-0.16468,1.15934,0,-0.16468
6.66,0,0,-0.153479,1.0817,0,-0.153479
6.67,0,0,-0.143028,1.0093,0,-0.143028
6.68,0,0,-0.133277,0.941803,0,-0.133277
6.69,0,0,-0.124177,0.878884,0,-0.124177
6.7,0,0,-0.115685,0.820243,0,-0.115685
6.71,0,0,-0.107759,0.765598,0,-0.107759
6.72,0,0,-0.10036,0.714687,0,-0.10036
6.73,0,0,-0.0934532,0.667264,0,-0.0934532
6.74,0,0,-0.0870039,0.6231,0,-0.0870039
6.75,0,0,-0.080981,0.581981,0,-0.080981
6.76,0,0,-0.0753548,0.543707,0,-0.0753548
6.77,0,0,-0.0700979,0.508093,0,-0.0700979
6.78,0,0,-0.0651846,0.474965,0,-0.0651846
6.79,0,0,-0.0605908,0.444162,0,-0.0605908
6.8,0,0,-0.0562941,0.415533,0,-0.0562941
6.81,0,0,-0.0522734,0.38894,0,-0.0522734
6.82,0,0,-0.0485089,0.364252,0,-0.0485089
6.83,0,0,-0.0449823,0.341349,0,-0.0449823
6.84,0,0,-0.0416763,0.320118,0,-0.0416763
6.85,0,0,-0.0385747,0.300457,0,-0.0385747
6.86,0,0,-0.0356623,0.282268,0,-0.0356623
6.87,0,0,-0.0329247,0.265463,0,-0.0329247
6.88,0,0,-0.0303487,0.249959,0,-0.0303487
6.89,0,0,-0.0279215,0.235681,0,-0.0279215
6.9,0,0,-0.0256312,0.222559,0,-0.0256312
6.91,0,0,-0.0234666,0.210528,0,-0.0234666
6.92,0,0,-0.0214172,0.199529,0,-0.0214172
6.93,0,0,-0.0194728,0.189509,0,-0.0194728
6.94,0,0,-0.0176239,0.180418,0,-0.0176239
6.95,0,0,-0.0158615,0.172212,0,-0.0158615
6.96,0,0,-0.0141768,0.164851,0,-0.0141768
6.97,0,0,-0.0125617,0.158299,0,-0.0125617
6.98,0,0,-0.0110083,0.152523,0,-0.0110083
6.99,0,0,-0.00950878,0.147495,0,-0.00950878
7,0,0,-0.00805595,0.14319,0,-0.00805595
7.01,0,0,-0.00664263,0.139588,0,-0.00664263
7.02,0,0,-0.0052619,0.136671,0,-0.0052619
7.03,0,0,-0.00390698,0.134424,0,-0.00390698
7.04,0,0,-0.00257123,0.132836,0,-0.00257123
7.05,0,0,-0.00124809,0.1319,0,-0.00124809
7.06,0,0,6.8925e-05,0.131611,0,6.8925e-05
7.07,0,0,0.00138628,0.131968,0,0.00138628
7.08,0,0,0.00271043,0.132971,0,0.00271043
7.09,0,0,0.00404788,0.134628,0,0.00404788
7.1,0,0,0.00540519,0.136944,0,0.00540519
7.11,0,0,0.006789,0.139933,0,0.006789
7.12,0,0,0.00820612,0.143607,0,0.00820612
7.13,0,0,0.00966349,0.147986,0,0.00966349
7.14,0,0,0.0111683,0.153091,0,0.0111683
7.15,0,0,0.0127278,0.158947,0,0.0127278
7.16,0,0,0.0143498,0.165583,0,0.0143498
7.17,0,0,0.0160422,0.173031,0,0.0160422
7.18,0,0,0.0178132,0.181327,0,0.0178132
7.19,0,0,0.0196717,0.190513,0,0.0196717
7.2,0,0,0.0216266,0.200633,0,0.0216266
7.21,0,0,0.0236876,0.211737,0,0.0236876
7.22,0,0,0.0258648,0.223879,0,0.0258648
7.23,0,0,0.0281688,0.237119,0,0.0281688
7.24,0,0,0.030611,0.251522,0,0.030611
7.25,0,0,0.0332034,0.267158,0,0.0332034
7.26,0,0,0.0359585,0.284104,0,0.0359585
7.27,0,0,0.0388901,0.302442,0,0.0388901
7.28,0,0,0.0420123,0.322263,0,0.0420123
7.29,0,0,0.0453406,0.343664,0,0.0453406
7.3,0,0,0.0488912,0.366748,0,0.0488912
7.31,0,0,0.0526815,0.391629,0,0.0526815
7.32,0,0,0.0567301,0.418429,0,0.0567301
7.33,0,0,0.0610569,0.447278,0,0.0610569
7.34,0,0,0.065683,0.478316,0,0.065683
7.35,0,0,0.070631,0.511696,0,0.070631
7.36,0,0,0.0759252,0.54758,0,0.0759252
7.37,0,0,0.0815915,0.586142,0,0.0815915
7.38,0,0,0.0876575,0.62757,0,0.0876575
7.39,0,0,0.094153,0.672064,0,0.094153
7.4,0,0,0.10111,0.71984,0,0.10111
7.41,0,0,0.108562,0.771129,0,0.108562
7.42,0,0,0.116545,0.826178,0,0.116545
7.43,0,0,0.125098,0.885253,0,0.125098
7.44,0,0,0.134264,0.948635,0,0.134264
7.45,0,0,0.144086,1.01663,0,0.144086
7.46,0,0,0.154613,1.08956,0,0.154613
7.47,0,0,0.165895,1.16777,0,0.165895
7.48,0,0,0.177987,1.25163,0,0.177987
7.49,0,0,0.190948,1.34153,0,0.190948
7.5,0,0,0.204839,1.43789,0,0.204839
7.51,0,0,0.219728,1.54116,0,0.219728
7.52,0,0,0.235687,1.6518,0,0.235687
7.53,0,0,0.252791,1.77032,0,0.252791
7.54,0,0,0.271121,1.89725,0,0.271121
7.55,0,0,0.290765,2.03315,0,0.290765
7.56,0,0,0.311816,2.1786,0,0.311816
7.57,0,0,0.334371,2.33421,0,0.334371
7.58,0,0,0.358536,2.50064,0,0.358536
7.59,0,0,0.384422,2.67856,0,0.384422
7.6,0,0,0.412148,2.86865,0,0.412148
7.61,0,0,0.441838,3.07163,0,0.441838
7.62,0,0,0.473625,3.28823,0,0.473625
7.63,0,0,0.50765,3.51917,0,0.50765
7.64,0,0,0.544059,3.76519,0,0.544059
7.65,0,0,0.583006,4.02701,0,0.583006
7.66,0,0,0.624654,4.3053,0,0.624654
7.67,0,0,0.669169,4.60072,0,0.669169
7.68,0,0,0.716727,4.91382,0,0.716727
7.69,0,0,0.767506,5.24507,0,0.767506
7.7,0,0,0.821689,5.59482,0,0.821689
7.71,0,0,0.879464,5.96323,0,0.879464
7.72,0,0,0.941016,6.35026,0,0.941016
7.73,0,0,1.00653,6.75561,0,1.00653
7.74,0,0,1.07619,7.17864,0,1.07619
7.75,0,0,1.15016,7.61834,0,1.15016
7.76,0,0,1.2286,8.07325,0,1.2286
7.77,0,0,1.31167,8.54139,0,1.31167
7.78,0,0,1.39947,9.02021,0,1.39947
7.79,0,0,1.4921,9.50652,0,1.4921
7.8,0,0,1.58961,9.99643,0,1.58961
7.81,0,0,1.69202,10.4854,0,1.69202
7.82,0,0,1.79929,10.968,0,1.79929
7.83,0,0,1.91134,11.4384,0,1.91134
7.84,0,0,2.028,11.8901,0,2.028
7.85,0,0,2.14906,12.316,0,2.14906
7.86,0,0,2.27421,12.7089,0,2.27421
7.87,0,0,2.4031,13.0615,0,2.4031
7.88,0,0,2.53528,13.3668,0,2.53528
7.89,0,0,2.67025,13.6183,0,2.67025
7.9,0,0,2.80745,13.8104,0,2.80745
7.91,0,0,2.94625,13.9387,0,2.94625
7.92,0,0,3.086,14,0,3.086
7.93,0,0,-3.05716,13.9929,0,-3.05716
7.94,0,0,-2.91756,13.9176,0,-2.91756
7.95,0,0,-2.77903,13.7759,0,-2.77903
7.96,0,0,-2.64225,13.5712,0,-2.64225
7.97,0,0,-2.5078,13.3081,0,-2.5078
7.98,0,0,-2.37626,12.9925,0,-2.37626
7.99,0,0,-2.24811,12.631,0,-2.24811
8,0,0,-2.12377,12.2308,0,-2.12377
8.01,0,0,-2.00359,11.799,0,-2.00359
8.02,0,0,-1.88787,11.3429,0,-1.88787
8.03,0,0,-1.77679,10.8694,0,-1.77679
8.04,0,0,-1.67052,10.385,0,-1.67052
8.05,0,0,-1.56911,9.89547,0,-1.56911
8.06,0,0,-1.47261,9.40595,0,-1.47261
8.07,0,0,-1.38098,8.92089,0,-1.38098
8.08,0,0,-1.29416,8.44402,0,-1.29416
8.09,0,0,-1.21206,7.97842,0,-1.21206
8.1,0,0,-1.13455,7.5265,0,-1.13455
8.11,0,0,-1.06148,7.09013,0,-1.06148
8.12,0,0,-0.992686,6.67068,0,-0.992686
8.13,0,0,-0.928002,6.26907,0,-0.928002
8.14,0,0,-0.867243,5.88586,0,-0.867243
8.15,0,0,-0.810222,5.5213,0,-0.810222
8.16,0,0,-0.756754,5.17539,0,-0.756754
8.17,0,0,-0.706653,4.84791,0,-0.706653
8.18,0,0,-0.659736,4.5385,0,-0.659736
8.19,0,0,-0.615824,4.24667,0,-0.615824
8.2,0,0,-0.574745,3.97183,0,-0.574745
8.21,0,0,-0.536333,3.71333,0,-0.536333
8.22,0,0,-0.500426,3.47048,0,-0.500426
8.23,0,0,-0.466873,3.24256,0,-0.466873
8.24,0,0,-0.435527,3.02884,0,-0.435527
8.25,0,0,-0.406251,2.82859,0,-0.406251
8.26,0,0,-0.378913,2.64107,0,-0.378913
8.27,0,0,-0.353389,2.46559,0,-0.353389
8.28,0,0,-0.329563,2.30146,0,-0.329563
8.29,0,0,-0.307324,2.148,0,-0.307324
8.3,0,0,-0.286569,2.00459,0,-0.286569
8.31,0,0,-0.267201,1.87061,0,-0.267201
8.32,0,0,-0.249128,1.74547,0,-0.249128
8.33,0,0,-0.232264,1.62864,0,-0.232264
8.34,0,0,-0.216529,1.51957,0,-0.216529
8.35,0,0,-0.201848,1.41779,0,-0.201848
8.36,0,0,-0.18815,1.32282,0,-0.18815
8.37,0,0,-0.17537,1.23422,0,-0.17537
8.38,0,0,-0.163446,1.15158,0,-0.163446
8.39,0,0,-0.15232,1.07452,0,-0.15232
8.4,0,0,-0.141938,1.00267,0,-0.141938
8.41,0,0,-0.13225,0.935683,0,-0.13225
8.42,0,0,-0.123209,0.873248,0,-0.123209
8.43,0,0,-0.114771,0.815064,0,-0.114771
8.44,0,0,-0.106895,0.760852,0,-0.106895
8.45,0,0,-0.0995417,0.710351,0,-0.0995417
8.46,0,0,-0.0926762,0.663318,0,-0.0926762
8.47,0,0,-0.0862645,0.619524,0,-0.0862645
8.48,0,0,-0.0802755,0.578757,0,-0.0802755
8.49,0,0,-0.0746799,0.540821,0,-0.0746799
8.5,0,0,-0.0694503,0.50553,0,-0.0694503
8.51,0,0,-0.064561,0.472713,0,-0.064561
8.52,0,0,-0.0599883,0.44221,0,-0.0599883
8.53,0,0,-0.0557096,0.413872,0,-0.0557096
8.54,0,0,-0.0517041,0.387561,0,-0.0517041
8.55,0,0,-0.047952,0.363148,0,-0.047952
8.56,0,0,-0.0444351,0.340515,0,-0.0444351
8.57,0,0,-0.0411361,0.319551,0,-0.0411361
8.58,0,0,-0.0380389,0.300153,0,-0.0380389
8.59,0,0,-0.0351282,0.282226,0,-0.0351282
8.6,0,0,-0.0323897,0.265683,0,-0.0323897
8.61,0,0,-0.0298101,0.250442,0,-0.0298101
8.62,0,0,-0.0273768,0.23643,0,-0.0273768
8.63,0,0,-0.0250777,0.223576,0,-0.0250777
8.64,0,0,-0.0229016,0.211819,0,-0.0229016
8.65,0,0,-0.0208378,0.201101,0,-0.0208378
8.66,0,0,-0.0188763,0.191369,0,-0.0188763
8.67,0,0,-0.0170073,0.182575,0,-0.0170073
8.68,0,0,-0.0152218,0.174678,0,-0.0152218
8.69,0,0,-0.0135109,0.167636,0,-0.0135109
8.7,0,0,-0.0118663,0.161417,0,-0.0118663
8.71,0,0,-0.0102799,0.15599,0,-0.0102799
8.72,0,0,-0.00874393,0.151328,0,-0.00874393
8.73,0,0,-0.00725086,0.147408,0,-0.00725086
8.74,0,0,-0.00579335,0.144212,0,-0.00579335
8.75,0,0,-0.00436427,0.141722,0,-0.00436427
8.76,0,0,-0.00295659,0.139928,0,-0.00295659
8.77,0,0,-0.00156341,0.13882,0,-0.00156341
8.78,0,0,-0.00017791,0.138394,0,-0.00017791
8.79,0,0,0.00120672,0.138646,0,0.00120672
8.8,0,0,0.00259727,0.139578,0,0.00259727
8.81,0,0,0.00400056,0.141195,0,0.00400056
8.82,0,0,0.00542347,0.143504,0,0.00542347
8.83,0,0,0.00687299,0.146518,0,0.00687299
8.84,0,0,0.00835622,0.15025,0,0.00835622
8.85,0,0,0.00988044,0.154719,0,0.00988044
8.86,0,0,0.0114531,0.159947,0,0.0114531
8.87,0,0,0.013082,0.165959,0,0.013082
8.88,0,0,0.014775,0.172786,0,0.014775
8.89,0,0,0.0165405,0.18046,0,0.0165405
8.9,0,0,0.0183872,0.189019,0,0.0183872
8.91,0,0,0.020324,0.198505,0,0.020324
8.92,0,0,0.0223605,0.208965,0,0.0223605
8.93,0,0,0.0245067,0.220449,0,0.0245067
8.94,0,0,0.0267731,0.233015,0,0.0267731
8.95,0,0,0.0291708,0.246723,0,0.0291708
8.96,0,0,0.0317115,0.261641,0,0.0317115
8.97,0,0,0.0344078,0.277841,0,0.0344078
8.98,0,0,0.0372729,0.295404,0,0.0372729
8.99,0,0,0.0403207,0.314415,0,0.0403207
9,0,0,0.0435663,0.334967,0,0.0435663
9.01,0,0,0.0470255,0.35716,0,0.0470255
9.02,0,0,0.0507153,0.381103,0,0.0507153
9.03,0,0,0.0546538,0.406914,0,0.0546538
9.04,0,0,0.0588602,0.434717,0,0.0588602
9.05,0,0,0.0633552,0.464649,0,0.0633552
9.06,0,0,0.0681607,0.496856,0,0.0681607
9.07,0,0,0.0733004,0.531494,0,0.0733004
9.08,0,0,0.0787992,0.568732,0,0.0787992
9.09,0,0,0.0846842,0.608752,0,0.0846842
9.1,0,0,0.0909842,0.651747,0,0.0909842
9.11,0,0,0.0977298,0.697925,0,0.0977298
9.12,0,0,0.104954,0.747511,0,0.104954
9.13,0,0,0.112692,0.800744,0,0.112692
9.14,0,0,0.120982,0.857879,0,0.120982
9.15,0,0,0.129864,0.919191,0,0.129864
9.16,0,0,0.13938,0.984974,0,0.13938
9.17,0,0,0.149579,1.05554,0,0.149579
9.18,0,0,0.160508,1.13123,0,0.160508
9.19,0,0,0.172222,1.21239,0,0.172222
9.2,0,0,0.184776,1.29942,0,0.184776
9.21,0,0,0.198231,1.39271,0,0.198231
9.22,0,0,0.212652,1.49269,0,0.212652
9.23,0,0,0.228108,1.59984,0,0.228108
9.24,0,0,0.244674,1.71462,0,0.244674
9.25,0,0,0.262428,1.83757,0,0.262428
9.26,0,0,0.281454,1.96922,0,0.281454
9.27,0,0,0.301843,2.11015,0,0.301843
9.28,0,0,0.32369,2.26096,0,0.32369
9.29,0,0,0.347097,2.42228,0,0.347097
9.3,0,0,0.372173,2.59477,0,0.372173
9.31,0,0,0.399032,2.77912,0,0.399032
9.32,0,0,0.427797,2.97602,0,0.427797
9.33,0,0,0.458596,3.1862,0,0.458596
9.34,0,0,0.491567,3.4104,0,0.491567
9.35,0,0,0.526853,3.64933,0,0.526853
9.36,0,0,0.564605,3.90373,0,0.564605
9.37,0,0,0.604981,4.17429,0,0.604981
9.38,0,0,0.648147,4.46169,0,0.648147
9.39,0,0,0.694273,4.76652,0,0.694273
9.4,0,0,0.743537,5.0893,0,0.743537
9.41,0,0,0.79612,5.43043,0,0.79612
9.42,0,0,0.852207,5.79018,0,0.852207
9.43,0,0,0.911985,6.1686,0,0.911985
9.44,0,0,0.97564,6.56551,0,0.97564
9.45,0,0,1.04335,6.98043,0,1.04335
9.46,0,0,1.11531,7.41255,0,1.11531
9.47,0,0,1.19166,7.86062,0,1.19166
9.48,0,0,1.27257,8.32291,0,1.27257
9.49,0,0,1.35816,8.79714,0,1.35816
9.5,0,0,1.44854,9.28042,0,1.44854
9.51,0,0,1.54378,9.76918,0,1.54378
9.52,0,0,1.64393,10.2592,0,1.64393
9.53,0,0,1.74895,10.7455,0,1.74895
9.54,0,0,1.8588,11.2223,0,1.8588
9.55,0,0,1.97335,11.6835,0,1.97335
9.56,0,0,2.0924,12.1223,0,2.0924
9.57,0,0,2.21569,12.5314,0,2.21569
9.58,0,0,2.3429,12.9036,0,2.3429
9.59,0,0,2.47362,13.2316,0,2.47362
9.6,0,0,2.60736,13.5088,0,2.60736
9.61,0,0,2.7436,13.7291,0,2.7436
9.62,0,0,2.88174,13.8874,0,2.88174
9.63,0,0,3.02113,13.9801,0,3.02113
9.64,0,0,-3.12207,14.0048,0,-3.12207
9.65,0,0,-2.98218,13.961,0,-2.98218
9.66,0,0,-2.84308,13.8498,0,-2.84308
9.67,0,0,-2.70541,13.6737,0,-2.70541
9.68,0,0,-2.5698,13.4371,0,-2.5698
9.69,0,0,-2.43685,13.145,0,-2.43685
9.7,0,0,-2.30707,12.804,0,-2.30707
9.71,0,0,-2.18091,12.4208,0,-2.18091
9.72,0,0,-2.05877,12.0027,0,-2.05877
9.73,0,0,-1.94095,11.557,0,-1.94095
9.74,0,0,-1.82769,11.0907,0,-1.82769
9.75,0,0,-1.71918,10.6106,0,-1.71918
9.76,0,0,-1.61551,10.1228,0,-1.61551
9.77,0,0,-1.51673,9.63265,0,-1.51673
9.78,0,0,-1.42285,9.14501,0,-1.42285
9.79,0,0,-1.33381,8.66393,0,-1.33381
9.8,0,0,-1.24953,8.19277,0,-1.24953
9.81,0,0,-1.16991,7.73424,0,-1.16991
9.82,0,0,-1.0948,7.29047,0,-1.0948
9.83,0,0,-1.02405,6.86304,0,-1.02405
9.84,0,0,-0.95748,6.45307,0,-0.95748
9.85,0,0,-0.894923,6.06128,0,-0.894923
9.86,0,0,-0.836192,5.68807,0,-0.836192
9.87,0,0,-0.781099,5.33353,0,-0.781099
9.88,0,0,-0.729459,4.99754,0,-0.729459
9.89,0,0,-0.681087,4.67982,0,-0.681087
9.9,0,0,-0.635803,4.37991,0,-0.635803
9.91,0,0,-0.593431,4.09728,0,-0.593431
9.92,0,0,-0.553801,3.8313,0,-0.553801
9.93,0,0,-0.516751,3.58129,0,-0.516751
9.94,0,0,-0.482124,3.34655,0,-0.482124
9.95,0,0,-0.449772,3.12635,0,-0.449772
9.96,0,0,-0.419551,2.91995,0,-0.419551
9.97,0,0,-0.391329,2.72663,0,-0.391329
9.98,0,0,-0.364977,2.54567,0,-0.364977
9.99,0,0,-0.340376,2.37637,0,-0.340376
10,0,0,-0.317413,2.21806,0,-0.317413
