1e-06,-1.21966e-09,5.35259e-08,0.1,5.14431e-06
0.010001,1.04162e-07,0.000498162,0.100257,0.051486
0.020001,7.9725e-06,0.000998142,0.101031,0.103218
0.030001,2.17508e-05,0.00149761,0.102323,0.155453
0.0400003,3.95964e-05,0.00199546,0.104142,0.208443
0.05,6.20271e-05,0.00249483,0.106495,0.262452
0.06,8.94754e-05,0.002995,0.109395,0.317741
0.0699997,0.000121517,0.00349284,0.112855,0.374576
0.0799997,0.00015752,0.00399406,0.116892,0.433239
0.0899997,0.000199311,0.00449449,0.121527,0.49401
0.0999997,0.000245107,0.00499572,0.126781,0.557185
0.109998,0.000296552,0.00549572,0.132678,0.623059
0.119998,0.000354023,0.00599546,0.139251,0.69197
0.129998,0.000417208,0.00649482,0.146529,0.764241
0.139997,0.000484882,0.00699426,0.154547,0.840212
0.149997,0.000558117,0.00749359,0.163346,0.920256
0.159997,0.000635501,0.0079929,0.172967,1.00475
0.169997,0.000717948,0.00849494,0.183457,1.09409
0.179997,0.000804969,0.00899517,0.194866,1.18871
0.189997,0.000896658,0.00949358,0.20725,1.28904
0.199997,0.000994456,0.00999363,0.220667,1.39555
0.209995,0.00109655,0.0104917,0.23518,1.50871
0.219995,0.00120453,0.0109903,0.250863,1.62908
0.229995,0.00131652,0.011492,0.267788,1.75718
0.239994,0.00143396,0.0119907,0.286033,1.89357
0.249994,0.00155673,0.0124909,0.305687,2.03886
0.259994,0.00168326,0.0129908,0.326841,2.19367
0.269994,0.00181533,0.0134907,0.349593,2.35865
0.279994,0.00195236,0.0139906,0.374049,2.53449
0.289994,0.00209354,0.0144891,0.400321,2.72187
0.299994,0.00224106,0.0149906,0.428527,2.92151
0.309992,0.00239256,0.0154906,0.458789,3.13412
0.319992,0.00255023,0.0159895,0.49125,3.36051
0.329992,0.0027127,0.0164883,0.526047,3.60138
0.339991,0.00288047,0.0169856,0.563326,3.85747
0.349991,0.00305289,0.0174843,0.603247,4.1295
0.359991,0.0032301,0.0179838,0.64597,4.41814
0.369991,0.00341421,0.0184836,0.691664,4.724
0.379991,0.00360253,0.0189852,0.740507,5.04763
0.389991,0.00379498,0.0194847,0.792677,5.38942
0.399991,0.00399036,0.019985,0.848357,5.74966
0.409989,0.00419288,0.0204864,0.907721,6.12834
0.419989,0.00439963,0.0209861,0.970975,6.52544
0.429989,0.00461156,0.0214862,1.03829,6.94043
0.439988,0.00482913,0.0219856,1.10983,7.37249
0.449988,0.00505213,0.0224863,1.18579,7.82045
0.459988,0.00528066,0.0229874,1.26629,8.28258
0.469988,0.00551214,0.0234862,1.35147,8.75662
0.479988,0.00574983,0.0239874,1.44145,9.23976
0.489988,0.00599123,0.024487,1.53629,9.72845
0.499988,0.00623789,0.0249871,1.63602,10.2185
0.509986,0.00648997,0.0254889,1.74063,10.7049
0.519986,0.00674737,0.0259891,1.85007,11.1821
0.529986,0.00700924,0.0264895,1.96422,11.644
0.539985,0.00727598,0.0269896,2.08287,12.0836
0.549985,0.00754883,0.0274909,2.20578,12.494
0.559985,0.00782771,0.0279918,2.33262,12.8677
0.569985,0.00811078,0.0284926,2.46298,13.1977
0.579985,0.00839615,0.0289914,2.5964,13.4772
0.589985,0.00868976,0.0294922,2.73234,13.7002
0.599985,0.00898736,0.0299938,2.8702,13.8614
0.609983,0.00929025,0.0304921,3.00933,13.9572
0.619983,0.00959786,0.0309922,3.14909,13.9853
0.629983,0.00990973,0.03149,3.2888,13.9449
0.639982,0.0102276,0.0319923,3.42776,13.8371
0.649982,0.0105503,0.0324913,3.56532,13.6644
0.659982,0.0108777,0.0329911,3.70084,13.4309
0.669982,0.0112102,0.0334902,3.83374,13.1418
0.679982,0.011549,0.0339899,3.96351,12.8034
0.689982,0.0118921,0.03449,4.08967,12.4225
0.699982,0.0122385,0.0349902,4.21184,12.0063
0.70998,0.0125894,0.0354902,4.32968,11.5622
0.71998,0.0129488,0.035989,4.443,11.0971
0.72998,0.0133129,0.0364895,4.55158,10.6178
0.739979,0.0136806,0.0369889,4.65532,10.1303
0.749979,0.0140539,0.0374888,4.75417,9.64016
0.759979,0.0144298,0.0379901,4.84813,9.15219
0.769979,0.0148121,0.0384884,4.93723,8.67047
0.779979,0.0151999,0.0389888,5.02156,8.19836
0.789979,0.0155946,0.0394886,5.10124,7.73863
0.799979,0.0159917,0.0399888,5.17639,7.29342
0.809977,0.0163942,0.0404887,5.24715,6.86441
0.819977,0.0168019,0.0409917,5.31372,6.45259
0.829977,0.0172152,0.0414918,5.37626,6.05878
0.839976,0.0176339,0.0419922,5.43495,5.6834
0.849976,0.0180557,0.042493,5.48999,5.3265
0.859976,0.0184818,0.0429921,5.54154,4.98802
0.869976,0.0189137,0.0434912,5.58981,4.66765
0.879976,0.0193509,0.0439933,5.63495,4.36493
0.889976,0.0197942,0.0444925,5.67716,4.07933
0.899976,0.0202414,0.0449929,5.7166,3.81023
0.909974,0.0206944,0.0454947,5.75341,3.55697
0.919974,0.0211529,0.0459959,5.78778,3.31877
0.929974,0.0216154,0.0464957,5.81984,3.09493
0.939973,0.0220828,0.0469956,5.84972,2.88471
0.949973,0.0225563,0.0474974,5.87757,2.68734
0.959973,0.0230338,0.0479956,5.90351,2.50211
0.969973,0.0235184,0.0484968,5.92765,2.3283
0.979973,0.0240054,0.0489982,5.95011,2.16521
0.989973,0.024498,0.0494978,5.97099,2.01218
0.999973,0.0249947,0.0499972,5.99038,1.86855
1.00997,0.0254963,0.0504965,6.00839,1.73373
1.01997,0.0260036,0.0509954,6.02508,1.60708
1.02997,0.0265162,0.0514953,6.04055,1.48807
1.03997,0.027035,0.0519957,6.05487,1.37615
1.04997,0.0275579,0.0524955,6.0681,1.27082
1.05997,0.0280853,0.0529969,6.0803,1.17158
1.06997,0.0286195,0.0534962,6.09155,1.07797
1.07997,0.029158,0.0539965,6.10188,0.989561
1.08997,0.0297001,0.0544975,6.11135,0.905929
1.09997,0.0302455,0.0549981,6.12001,0.826678
1.10997,0.0307977,0.0554984,6.1279,0.751443
1.11997,0.0313546,0.0559988,6.13505,0.67984
1.12997,0.0319137,0.0565014,6.14151,0.611539
1.13997,0.0324791,0.0570032,6.14729,0.546214
1.14997,0.0330517,0.0575028,6.15244,0.48354
1.15997,0.0336277,0.0580025,6.15697,0.423221
1.16997,0.0342101,0.0585031,6.16091,0.364964
1.17997,0.0347966,0.0590052,6.16428,0.308483
1.18997,0.0353902,0.0595051,6.16709,0.253505
1.19997,0.0359872,0.0600046,6.16935,0.199762
1.20996,0.0365887,0.0605045,6.17108,0.147002
1.21996,0.0371959,0.0610049,6.17229,0.0949512
1.22996,0.037808,0.0615061,6.17299,0.0433631
1.23996,0.0384261,0.062006,6.17316,-0.00800937
1.24996,0.0390491,0.0625038,6.17283,-0.0594249
1.25996,0.0396767,0.0630036,6.17197,-0.111129
1.26996,0.0403087,0.0635024,6.1706,-0.163374
1.27996,0.0409455,0.0640032,6.1687,-0.216418
1.28996,0.0415859,0.0645023,6.16627,-0.270518
1.29996,0.042232,0.0650034,6.16329,-0.325936
1.30996,0.0428848,0.0655034,6.15975,-0.382933
1.31996,0.0435435,0.0660035,6.15562,-0.441804
1.32996,0.0442065,0.0665043,6.1509,-0.502826
1.33996,0.0448734,0.0670051,6.14556,-0.56629
1.34996,0.0455437,0.0675059,6.13957,-0.632512
1.35996,0.0462216,0.0680056,6.1329,-0.701805
1.36996,0.046905,0.0685041,6.12552,-0.774502
1.37996,0.0475937,0.0690035,6.1174,-0.850958
1.38996,0.0482848,0.0695047,6.10849,-0.931534
1.39996,0.0489823,0.0700049,6.09875,-1.01661
1.40996,0.0496857,0.0705052,6.08814,-1.10659
1.41996,0.050393,0.0710052,6.0766,-1.2019
1.42996,0.0511059,0.0715058,6.06408,-1.30299
1.43996,0.0518254,0.0720046,6.05052,-1.41032
1.44996,0.0525491,0.0725047,6.03586,-1.5244
1.45996,0.0532761,0.0730063,6.02001,-1.64573
1.46996,0.0540079,0.0735064,6.00292,-1.77486
1.47996,0.0547454,0.0740059,5.98449,-1.91238
1.48996,0.0554874,0.0745053,5.96464,-2.05887
1.49996,0.0562319,0.0750049,5.94328,-2.21497
1.50996,0.0569843,0.0755039,5.92031,-2.3813
1.51996,0.0577424,0.0760029,5.89562,-2.5586
1.52996,0.0585059,0.0765026,5.8691,-2.74754
1.53996,0.0592733,0.0770011,5.84063,-2.94882
1.54996,0.060048,0.0775016,5.81008,-3.16322
1.55995,0.060825,0.0780021,5.77732,-3.39146
1.56995,0.0616101,0.0785012,5.74221,-3.63427
1.57995,0.0623955,0.0790023,5.70459,-3.89242
1.58995,0.0631875,0.0795032,5.66431,-4.16659
1.59995,0.0639842,0.080004,5.6212,-4.45746
1.60995,0.0647868,0.0805036,5.57511,-4.76558
1.61995,0.0655946,0.0810039,5.52584,-5.09157
1.62995,0.0664074,0.0815059,5.47321,-5.43577
1.63995,0.0672249,0.0820033,5.41706,-5.79841
1.64995,0.0680455,0.0825034,5.35719,-6.17958
1.65995,0.0688737,0.0830023,5.29341,-6.57905
1.66995,0.0697063,0.0835001,5.22555,-6.99632
1.67995,0.0705431,0.0840014,5.15343,-7.43057
1.68995,0.0713862,0.0845011,5.07689,-7.8805
1.69995,0.0722329,0.0850007,4.99578,-8.34435
1.70995,0.0730851,0.0855016,4.90998,-8.81971
1.71995,0.0739419,0.0860019,4.81937,-9.30379
1.72995,0.0748014,0.0865014,4.72389,-9.79291
1.73995,0.0756716,0.0870014,4.62352,-10.2827
1.74995,0.0765444,0.0875011,4.51825,-10.7683
1.75995,0.0774233,0.0880008,4.40818,-11.2439
1.76995,0.0783048,0.088502,4.29344,-11.7032
1.77995,0.0791914,0.0890019,4.1742,-12.1395
1.78995,0.0800838,0.0895026,4.05075,-12.5454
1.79995,0.0809817,0.0900013,3.92342,-12.9138
1.80995,0.0818827,0.0905018,3.79264,-13.2376
1.81995,0.0827909,0.091001,3.65886,-13.5099
1.82995,0.0837055,0.0915022,3.52264,-13.725
1.83995,0.0846229,0.0920028,3.38458,-13.8778
1.84995,0.0855463,0.0925023,3.24531,-13.9649
1.85995,0.0864734,0.0930008,3.10551,-13.9839
1.86995,0.0874045,0.0935019,2.96587,-13.9346
1.87995,0.0883416,0.0940027,2.82705,-13.8181
1.88995,0.0892819,0.0945034,2.68972,-13.6371
1.89995,0.0902307,0.095004,2.55451,-13.396
1.90994,0.0911827,0.0955043,2.422,-13.1001
1.91994,0.0921406,0.0960037,2.29269,-12.7557
1.92994,0.0931053,0.0965036,2.16703,-12.3698
1.93994,0.0940724,0.0970026,2.04542,-11.9495
1.94994,0.0950441,0.0975025,1.92814,-11.5022
1.95994,0.0960223,0.0980045,1.81544,-11.0349
1.96994,0.0970035,0.0985055,1.70749,-10.5541
1.97994,0.0979905,0.0990063,1.60439,-10.066
1.98994,0.0989816,0.0995088,1.50618,-9.57585
1.99994,0.0999801,0.100009,1.41286,-9.08847
2.00994,0.100984,0.100508,1.3244,-8.60788
2.01994,0.101992,0.101009,1.24068,-8.13726
2.02994,0.103006,0.101507,1.16161,-7.67933
2.03994,0.104025,0.102007,1.08705,-7.2362
2.04994,0.105048,0.102506,1.01684,-6.80933
2.05994,0.106076,0.103006,0.950808,-6.39986
2.06994,0.107108,0.103507,0.888785,-6.00847
2.07994,0.108146,0.104007,0.83058,-5.6355
2.08994,0.109188,0.104509,0.776013,-5.28104
2.09994,0.110235,0.105008,0.724898,-4.94495
2.10994,0.111287,0.105509,0.67706,-4.62697
2.11994,0.112346,0.106008,0.632307,-4.32654
2.12994,0.113406,0.10651,0.590472,-4.04315
2.13994,0.114474,0.107011,0.551392,-3.7762
2.14994,0.115547,0.10751,0.514899,-3.52494
2.15994,0.116624,0.108009,0.480844,-3.28868
2.16994,0.117706,0.108509,0.44908,-3.06668
2.17994,0.118792,0.10901,0.419466,-2.85819
2.18994,0.119884,0.10951,0.391873,-2.66247
2.19994,0.120981,0.110008,0.366177,-2.47879
2.20994,0.122082,0.110508,0.342263,-2.30647
2.21994,0.12319,0.111008,0.320015,-2.14475
2.22994,0.124302,0.11151,0.299335,-1.993
2.23993,0.125419,0.11201,0.280126,-1.85059
2.24993,0.126541,0.11251,0.262295,-1.71688
2.25993,0.127667,0.11301,0.245761,-1.59129
2.26993,0.128801,0.113511,0.230445,-1.47326
2.27993,0.129937,0.114011,0.216273,-1.36226
2.28993,0.131079,0.114511,0.203178,-1.25777
2.29993,0.132228,0.115011,0.191098,-1.15932
2.30993,0.13338,0.115512,0.179975,-1.06646
2.31993,0.134538,0.116011,0.169753,-0.97873
2.32993,0.135702,0.11651,0.160384,-0.895726
2.33993,0.13687,0.117009,0.151824,-0.817063
2.34993,0.138042,0.117509,0.14403,-0.742351
2.35993,0.139219,0.118009,0.136965,-0.67124
2.36993,0.140399,0.118509,0.130595,-0.603393
2.37993,0.141586,0.119009,0.124888,-0.538474
2.38993,0.14278,0.119507,0.119817,-0.476174
2.39993,0.143978,0.120008,0.115357,-0.416192
2.40993,0.145181,0.120508,0.111487,-0.358244
2.41993,0.146389,0.121009,0.108187,-0.302034
2.42993,0.147601,0.121509,0.105441,-0.247296
2.43993,0.148819,0.122008,0.103237,-0.193768
2.44993,0.150042,0.122508,0.101563,-0.14118
2.45993,0.15127,0.123008,0.100411,-0.0892812
2.46993,0.152503,0.123509,0.0997756,-0.0378205
2.47993,0.15374,0.124011,0.0996538,0.0134586
2.48993,0.154983,0.124512,0.100045,0.0648034
2.49993,0.156231,0.125012,0.100951,0.116464
2.50993,0.157486,0.125514,0.102376,0.168686
2.51993,0.158744,0.126015,0.104327,0.221737
2.52993,0.160008,0.126513,0.106814,0.27587
2.53993,0.161274,0.127013,0.109849,0.331342
2.54993,0.162548,0.127512,0.113446,0.388434
2.55993,0.163825,0.128011,0.117624,0.447417
2.56992,0.165106,0.128512,0.122401,0.508576
2.57992,0.166393,0.129011,0.127803,0.572212
2.58992,0.167685,0.129511,0.133855,0.63863
2.59992,0.168984,0.130009,0.140586,0.708151
2.60992,0.170286,0.13051,0.148028,0.781098
2.61992,0.171593,0.131011,0.156219,0.857842
2.62992,0.172904,0.131511,0.165199,0.938738
2.63992,0.174222,0.132013,0.175008,1.02417
2.64992,0.175543,0.13251,0.185698,1.11454
2.65992,0.176871,0.13301,0.197317,1.21029
2.66992,0.178204,0.133508,0.209922,1.31184
2.67992,0.17954,0.134009,0.223574,1.41968
2.68992,0.180881,0.134508,0.238338,1.53431
2.69992,0.182228,0.135009,0.254284,1.65624
2.70992,0.183581,0.135509,0.271486,1.78601
2.71992,0.184938,0.136009,0.29003,1.92422
2.72992,0.186301,0.13651,0.310001,2.07146
2.73992,0.187669,0.13701,0.331489,2.22834
2.74992,0.189042,0.13751,0.3546,2.39555
2.75992,0.190421,0.138011,0.379437,2.57376
2.76992,0.191803,0.13851,0.406112,2.76365
2.77992,0.193191,0.139008,0.434749,2.96598
2.78992,0.194585,0.13951,0.465475,3.18147
2.79992,0.195983,0.140008,0.498425,3.41087
2.80992,0.197384,0.140508,0.533736,3.65488
2.81992,0.198791,0.14101,0.571569,3.9143
2.82992,0.200203,0.14151,0.612075,4.1898
2.83992,0.20162,0.142007,0.655416,4.48203
2.84992,0.203045,0.142506,0.701769,4.79163
2.85992,0.204473,0.143006,0.751308,5.11908
2.86992,0.205906,0.143507,0.804208,5.46476
2.87992,0.207342,0.144007,0.860661,5.82893
2.88992,0.208785,0.144508,0.920848,6.2116
2.89992,0.210232,0.145007,0.984953,6.61256
2.90991,0.211685,0.145506,1.05315,7.03121
2.91991,0.213141,0.146004,1.12562,7.46679
2.92991,0.214605,0.146504,1.20254,7.91793
2.93991,0.216071,0.147002,1.28402,8.38277
2.94991,0.217545,0.147502,1.37022,8.85902
2.95991,0.219023,0.148002,1.46123,9.34366
2.96991,0.220507,0.148503,1.5571,9.83299
2.97991,0.221994,0.149003,1.65788,10.3227
2.98991,0.223486,0.149503,1.76354,10.8077
2.99991,0.224985,0.150002,1.874,11.2822
3.00991,0.226486,0.150503,1.98911,11.7399
3.01991,0.227993,0.151003,2.1087,12.1739
3.02991,0.229506,0.151503,2.23249,12.5771
3.03991,0.231023,0.152002,2.3601,12.9421
3.04991,0.232546,0.152501,2.49116,13.2619
3.05991,0.234076,0.153,2.62517,13.5298
3.06991,0.235608,0.153501,2.76156,13.7399
3.07991,0.237144,0.154001,2.89975,13.8875
3.08991,0.238686,0.154501,3.03909,13.969
3.09991,0.240233,0.155001,3.1789,13.9825
3.10991,0.241786,0.155502,3.31849,13.9277
3.11991,0.243343,0.156001,3.45721,13.8057
3.12991,0.244909,0.156501,3.59439,13.6197
3.13991,0.246476,0.157,3.7294,13.3739
3.14991,0.248048,0.157499,3.86168,13.0738
3.15991,0.249626,0.157999,3.99071,12.7257
3.16991,0.251209,0.158499,4.11605,12.3367
3.17991,0.252795,0.158999,4.23733,11.914
3.18991,0.254389,0.159495,4.35424,11.4647
3.19991,0.255985,0.159996,4.46656,10.996
3.20991,0.257586,0.160495,4.5741,10.5145
3.21991,0.259194,0.160995,4.67681,10.026
3.22991,0.260807,0.161496,4.77462,9.53595
3.2399,0.262424,0.161994,4.86753,9.04903
3.2499,0.264046,0.162493,4.95561,8.56908
3.2599,0.265673,0.162994,5.03895,8.09941
3.2699,0.267306,0.163494,5.11764,7.64265
3.2799,0.268944,0.163993,5.19184,7.20076
3.2899,0.270586,0.164494,5.26171,6.77528
3.2999,0.272233,0.164994,5.32741,6.36726
3.3099,0.273885,0.165494,5.38911,5.9774
3.3199,0.275541,0.165994,5.44701,5.60595
3.3299,0.277203,0.166493,5.50129,5.253
3.3399,0.278871,0.166994,5.55213,4.91841
3.3499,0.280544,0.167493,5.59972,4.60184
3.3599,0.282223,0.167992,5.64423,4.30283
3.3699,0.283905,0.168492,5.68583,4.02084
3.3799,0.285593,0.168992,5.7247,3.75518
3.3899,0.287287,0.16949,5.76098,3.50518
3.3999,0.288985,0.169989,5.79485,3.27012
3.4099,0.290686,0.170489,5.82643,3.04929
3.4199,0.292395,0.17099,5.85588,2.84188
3.4299,0.294107,0.171489,5.88331,2.64718
3.4399,0.295823,0.171988,5.90886,2.46447
3.4499,0.297547,0.172487,5.93264,2.29302
3.4599,0.299273,0.172989,5.95475,2.13218
3.4699,0.301004,0.173489,5.97531,1.98124
3.4799,0.302743,0.17399,5.99441,1.83957
3.4899,0.304486,0.17449,6.01213,1.70656
3.4999,0.306235,0.174991,6.02857,1.58162
3.5099,0.307985,0.175492,6.04379,1.46422
3.5199,0.309741,0.175989,6.05787,1.35379
3.5299,0.311501,0.176492,6.07088,1.24984
3.5399,0.313269,0.17699,6.08289,1.15189
3.5499,0.315041,0.17749,6.09394,1.05948
3.5599,0.31682,0.177989,6.10409,0.972185
3.5699,0.3186,0.17849,6.1134,0.889586
3.5799,0.320387,0.17899,6.1219,0.811286
3.5899,0.322178,0.179489,6.12964,0.736917
3.5999,0.323975,0.179989,6.13665,0.666123
3.60989,0.325778,0.180489,6.14297,0.598573
3.61989,0.327586,0.18099,6.14863,0.533922
3.62989,0.329399,0.181489,6.15366,0.471869
3.63989,0.331216,0.181989,6.15808,0.412113
3.64989,0.333038,0.182489,6.16191,0.354364
3.65989,0.334864,0.182987,6.16517,0.298347
3.66989,0.336697,0.183485,6.16788,0.243782
3.67989,0.338534,0.183984,6.17005,0.190402
3.68989,0.340377,0.184486,6.17169,0.13795
3.69989,0.342222,0.184986,6.17281,0.0861718
3.70989,0.344075,0.185487,6.17341,0.0348203
3.71989,0.345932,0.185987,6.17351,-0.0163682
3.72989,0.347796,0.186487,6.17309,-0.0676364
3.73989,0.349662,0.186986,6.17215,-0.119234
3.74989,0.351536,0.187485,6.1707,-0.171414
3.75989,0.353412,0.187985,6.16872,-0.224425
3.76989,0.355295,0.188485,6.16621,-0.278531
3.77989,0.35718,0.188985,6.16315,-0.333998
3.78989,0.359072,0.189484,6.15952,-0.391093
3.79989,0.360969,0.189985,6.15532,-0.450093
3.80989,0.362872,0.190485,6.15051,-0.511276
3.81989,0.364778,0.190987,6.14508,-0.574954
3.82989,0.366689,0.191489,6.13901,-0.641428
3.83989,0.368605,0.191988,6.13225,-0.711017
3.84989,0.37053,0.192487,6.12477,-0.784058
3.85989,0.372457,0.192986,6.11655,-0.860891
3.86989,0.37439,0.193485,6.10754,-0.941894
3.87989,0.376326,0.193986,6.0977,-1.02745
3.88989,0.378267,0.194487,6.08698,-1.11797
3.89989,0.380216,0.194987,6.07532,-1.21388
3.90989,0.382167,0.195486,6.06268,-1.3156
3.91989,0.384123,0.195986,6.04899,-1.42364
3.92989,0.386086,0.196485,6.03419,-1.53848
3.93988,0.388054,0.196984,6.0182,-1.66064
3.94988,0.390025,0.197484,6.00095,-1.79067
3.95988,0.392002,0.197984,5.98236,-1.92914
3.96988,0.393985,0.198484,5.96234,-2.07666
3.97988,0.395972,0.198983,5.9408,-2.23387
3.98988,0.397965,0.199483,5.91763,-2.40142
3.99988,0.399962,0.199982,5.89273,-2.57999
4.00988,0.401965,0.200482,5.86599,-2.77025
4.01988,0.403972,0.200982,5.83729,-2.97299
4.02988,0.405984,0.201482,5.80649,-3.18892
4.03988,0.408002,0.201982,5.77346,-3.41877
4.04988,0.410026,0.202482,5.73807,-3.6633
4.05988,0.412054,0.202981,5.70015,-3.92321
4.06988,0.414087,0.20348,5.65955,-4.19922
4.07988,0.416125,0.203981,5.61611,-4.49203
4.08988,0.418167,0.204483,5.56966,-4.80221
4.09988,0.420216,0.204982,5.52001,-5.13025
4.10988,0.422268,0.205482,5.467,-5.47651
4.11988,0.424326,0.205981,5.41042,-5.84128
4.12988,0.42639,0.206481,5.35011,-6.22455
4.13988,0.428456,0.206982,5.28587,-6.62609
4.14988,0.430527,0.207481,5.21753,-7.04537
4.15988,0.432605,0.207981,5.14492,-7.48145
4.16988,0.434686,0.208482,5.06786,-7.93304
4.17988,0.436774,0.208982,4.98622,-8.39833
4.18988,0.438867,0.209483,4.89986,-8.87491
4.19988,0.440963,0.209983,4.80869,-9.35977
4.20988,0.443064,0.210482,4.71266,-9.84915
4.21988,0.44517,0.210983,4.61172,-10.3388
4.22988,0.447284,0.211483,4.5059,-10.8235
4.23988,0.4494,0.211982,4.39529,-11.2976
4.24988,0.451523,0.212482,4.28001,-11.7546
4.25988,0.45365,0.212981,4.16028,-12.1877
4.26987,0.455782,0.213481,4.03638,-12.5897
4.27987,0.457921,0.213981,3.90863,-12.9534
4.28987,0.460065,0.214483,3.77746,-13.2716
4.29987,0.462212,0.214984,3.64337,-13.5377
4.30987,0.464363,0.215484,3.50692,-13.7459
4.31987,0.466521,0.215984,3.36868,-13.8913
4.32987,0.468683,0.216484,3.22931,-13.9706
4.33987,0.470851,0.216987,3.08949,-13.9819
4.34987,0.473025,0.217487,2.9499,-13.9248
4.35987,0.475202,0.217988,2.81123,-13.8007
4.36987,0.477383,0.218487,2.67413,-13.6126
4.37987,0.479568,0.218986,2.53919,-13.3649
4.38987,0.481757,0.219487,2.40701,-13.0631
4.39987,0.483955,0.219988,2.27809,-12.7136
4.40987,0.486158,0.220489,2.15289,-12.3234
4.41987,0.488364,0.220989,2.03175,-11.8996
4.42987,0.490578,0.221487,1.91498,-11.4497
4.43987,0.492795,0.221986,1.80282,-10.9805
4.44987,0.495018,0.222486,1.69541,-10.4985
4.45987,0.497247,0.222987,1.59288,-10.0099
4.46987,0.499478,0.223486,1.49524,-9.51996
4.47987,0.501715,0.223986,1.40247,-9.03316
4.48987,0.503957,0.224484,1.31455,-8.5535
4.49987,0.506204,0.224982,1.23137,-8.08422
4.50987,0.508454,0.225482,1.15283,-7.62794
4.51987,0.510711,0.225982,1.07877,-7.18657
4.52987,0.512974,0.226483,1.00904,-6.76166
4.53987,0.515241,0.226984,0.943479,-6.35423
4.54987,0.517513,0.227485,0.881898,-5.96493
4.55987,0.519792,0.227985,0.824123,-5.59412
4.56987,0.522075,0.228485,0.769963,-5.24181
4.57987,0.524362,0.228987,0.71923,-4.90782
4.58987,0.526655,0.229486,0.671746,-4.59185
4.59987,0.528954,0.229984,0.627334,-4.29341
4.60986,0.531255,0.230486,0.585826,-4.01199
4.61986,0.533562,0.230983,0.547045,-3.74686
4.62986,0.535875,0.231481,0.510836,-3.49737
4.63986,0.538192,0.23198,0.477048,-3.2628
4.64986,0.540514,0.23248,0.445533,-3.0424
4.65986,0.54284,0.23298,0.416157,-2.83545
4.66986,0.545171,0.233479,0.388786,-2.64118
4.67986,0.547509,0.233977,0.363296,-2.45886
4.68986,0.549849,0.234477,0.339572,-2.28779
4.69986,0.552196,0.234978,0.317505,-2.12728
4.70986,0.554548,0.235478,0.296995,-1.97668
4.71986,0.556904,0.23598,0.277943,-1.83531
4.72986,0.559267,0.236479,0.26026,-1.70259
4.73986,0.561636,0.236979,0.243864,-1.57794
4.74986,0.56401,0.23748,0.228676,-1.46078
4.75986,0.566387,0.237978,0.214626,-1.3506
4.76986,0.56877,0.238479,0.201645,-1.24688
4.77986,0.571156,0.238979,0.18967,-1.14914
4.78986,0.573548,0.239481,0.178644,-1.05693
4.79986,0.575945,0.23998,0.168514,-0.96982
4.80986,0.578348,0.24048,0.159233,-0.887403
4.81986,0.580755,0.24098,0.150753,-0.809271
4.82986,0.583168,0.241481,0.143034,-0.73506
4.83986,0.585587,0.241981,0.13604,-0.664416
4.84986,0.588008,0.24248,0.129735,-0.596998
4.85986,0.590437,0.242979,0.12409,-0.532487
4.86986,0.592869,0.243478,0.119078,-0.470566
4.87986,0.595305,0.243978,0.114672,-0.41093
4.88986,0.597748,0.244479,0.110852,-0.353295
4.89986,0.600193,0.244979,0.1076,-0.297382
4.90986,0.602645,0.245479,0.1049,-0.242925
4.91986,0.605103,0.245978,0.102738,-0.189645
4.92986,0.607564,0.246478,0.101104,-0.137291
4.93985,0.610033,0.246978,0.0999899,-0.0856071
4.94985,0.612504,0.247478,0.0993903,-0.03434
4.95985,0.614981,0.247977,0.0993024,0.0167553
4.96985,0.617462,0.248478,0.0997257,0.0679324
4.97985,0.619951,0.248978,0.100662,0.119445
4.98985,0.622443,0.249477,0.102116,0.17154
4.99985,0.624943,0.249977,0.104096,0.224472
5.00985,0.627444,0.250477,0.106609,0.278492
5.01985,0.629951,0.250977,0.10967,0.333876
5.02985,0.632464,0.251478,0.113292,0.390887
5.03985,0.634979,0.251978,0.117494,0.4498
5.04985,0.637502,0.252478,0.122295,0.510905
5.05985,0.640028,0.252978,0.127719,0.57449
5.06985,0.642561,0.253478,0.133793,0.640867
5.07985,0.645098,0.253978,0.140547,0.710364
5.08985,0.647639,0.254478,0.148012,0.783307
5.09985,0.650186,0.25498,0.156225,0.860049
5.10985,0.652737,0.255482,0.165226,0.940944
5.11985,0.655293,0.255984,0.175058,1.0264
5.12985,0.657854,0.256484,0.18577,1.1168
5.13985,0.660423,0.256984,0.197412,1.21259
5.14985,0.662996,0.257483,0.210041,1.3142
5.15985,0.665574,0.257984,0.223715,1.4221
5.16985,0.668156,0.258485,0.238503,1.53679
5.17985,0.670744,0.258985,0.254474,1.6588
5.18985,0.673336,0.259485,0.271705,1.78868
5.19985,0.675934,0.259985,0.290276,1.927
5.20985,0.678536,0.260485,0.310272,2.07434
5.21985,0.681143,0.260985,0.331793,2.23137
5.22985,0.683755,0.261487,0.354934,2.39873
5.23985,0.686371,0.261986,0.379803,2.5771
5.24985,0.688991,0.262486,0.406514,2.76718
5.25985,0.691618,0.262986,0.435186,2.96968
5.26984,0.69425,0.263487,0.465947,3.18535
5.27984,0.696885,0.263988,0.498936,3.41496
5.28984,0.699527,0.264488,0.534294,3.65923
5.29984,0.702173,0.264987,0.572172,3.91889
5.30984,0.704826,0.265487,0.612721,4.19462
5.31984,0.707482,0.265987,0.656115,4.48713
5.32984,0.710145,0.266487,0.702521,4.79701
5.33984,0.712813,0.266989,0.752114,5.12474
5.34984,0.715484,0.267487,0.805076,5.47073
5.35984,0.718161,0.267987,0.861585,5.83517
5.36984,0.720844,0.268487,0.92183,6.2181
5.37984,0.723532,0.268987,0.986002,6.61934
5.38984,0.726224,0.269486,1.05428,7.03833
5.39984,0.728923,0.269984,1.12682,7.47417
5.40984,0.731625,0.270485,1.2038,7.92549
5.41984,0.734332,0.270985,1.28537,8.39058
5.42984,0.737045,0.271487,1.37165,8.867
5.43984,0.739763,0.271988,1.46274,9.35173
5.44984,0.742485,0.272486,1.5587,9.84113
5.45984,0.745211,0.272988,1.65955,10.3308
5.46984,0.747943,0.273489,1.76528,10.8156
5.47984,0.750679,0.273988,1.87582,11.2899
5.48984,0.753421,0.274489,1.99102,11.7473
5.49984,0.756168,0.274989,2.11068,12.1809
5.50984,0.758921,0.27549,2.23452,12.5834
5.51984,0.761679,0.275989,2.36221,12.9478
5.52984,0.764441,0.276487,2.49333,13.2668
5.53984,0.767209,0.276986,2.62737,13.5338
5.54984,0.769981,0.277487,2.76381,13.743
5.55984,0.772758,0.277987,2.90201,13.8895
5.56984,0.77554,0.278487,3.04135,13.9699
5.57984,0.778329,0.278985,3.18117,13.9823
5.58984,0.781121,0.279485,3.32077,13.9263
5.59984,0.783917,0.279986,3.45947,13.8033
5.60983,0.786719,0.280484,3.59661,13.6163
5.61983,0.789526,0.280982,3.73159,13.3696
5.62983,0.792337,0.281483,3.86382,13.0686
5.63983,0.795155,0.281984,3.9928,12.7198
5.64983,0.797976,0.282484,4.11808,12.3302
5.65983,0.800803,0.282985,4.23928,11.9069
5.66983,0.803637,0.283483,4.35611,11.4574
5.67983,0.806475,0.283982,4.46835,10.9884
5.68983,0.809316,0.284484,4.57583,10.5067
5.69983,0.812163,0.284983,4.67846,10.0181
5.70983,0.815015,0.285483,4.77618,9.52812
5.71983,0.817873,0.285982,4.86902,9.04124
5.72983,0.820736,0.286482,4.95703,8.56144
5.73983,0.823603,0.286982,5.04029,8.09196
5.74983,0.826474,0.287482,5.11891,7.6354
5.75983,0.829352,0.287983,5.19304,7.19381
5.76983,0.832236,0.288482,5.26283,6.76865
5.77983,0.835124,0.288981,5.32846,6.36093
5.78983,0.838014,0.289482,5.39011,5.97133
5.79983,0.84091,0.28998,5.44795,5.60018
5.80983,0.843811,0.29048,5.50217,5.24758
5.81983,0.84672,0.290979,5.55296,4.9133
5.82983,0.849632,0.29148,5.6005,4.59703
5.83983,0.852549,0.29198,5.64496,4.29833
5.84983,0.855471,0.292479,5.68652,4.0166
5.85983,0.858396,0.292981,5.72534,3.75123
5.86983,0.86133,0.29348,5.76159,3.50152
5.87983,0.864266,0.29398,5.79542,3.26671
5.88983,0.867207,0.29448,5.82697,3.0461
5.89983,0.870153,0.294981,5.85639,2.83892
5.90983,0.873106,0.295482,5.88379,2.64447
5.91983,0.876062,0.295983,5.90931,2.46196
5.92983,0.879024,0.296482,5.93307,2.29072
5.93982,0.881992,0.296982,5.95516,2.13006
5.94982,0.884964,0.297482,5.9757,1.9793
5.95982,0.887941,0.297982,5.99478,1.83782
5.96982,0.890924,0.298482,6.01248,1.70499
5.97982,0.893913,0.298982,6.0289,1.58022
5.98982,0.896905,0.299484,6.04411,1.46296
5.99982,0.899902,0.299984,6.05819,1.35268
6.00982,0.902904,0.300483,6.07119,1.24889
6.01982,0.905909,0.300984,6.08318,1.15108
6.02982,0.90892,0.301483,6.09423,1.05881
6.03982,0.911939,0.301982,6.10438,0.971647
6.04982,0.914961,0.302483,6.11368,0.889178
6.05982,0.917987,0.302983,6.12217,0.811016
6.06982,0.92102,0.303483,6.12991,0.736786
6.07982,0.924056,0.303983,6.13692,0.666123
6.08982,0.927098,0.304483,6.14324,0.598695
6.09982,0.930143,0.304983,6.1489,0.534177
6.10982,0.933197,0.305482,6.15393,0.472264
6.11982,0.936255,0.305981,6.15836,0.412643
6.12982,0.939316,0.306482,6.16219,0.355032
6.13982,0.942384,0.306981,6.16546,0.299152
6.14982,0.945454,0.307481,6.16818,0.244729
6.15982,0.948529,0.30798,6.17036,0.191503
6.16982,0.951612,0.30848,6.17201,0.139211
6.17982,0.9547,0.308982,6.17315,0.0875944
6.18982,0.957793,0.309482,6.17377,0.0364046
6.19982,0.960891,0.309982,6.17388,-0.0146075
6.20982,0.963994,0.31048,6.17347,-0.0656855
6.21982,0.967099,0.31098,6.17256,-0.117089
6.22982,0.970213,0.31148,6.17113,-0.169064
6.23982,0.973331,0.31198,6.16918,-0.221862
6.24982,0.976453,0.31248,6.16669,-0.275743
6.25982,0.979581,0.312979,6.16366,-0.330965
6.26981,0.982711,0.31348,6.16007,-0.387798
6.27981,0.98585,0.313982,6.1559,-0.446525
6.28981,0.988993,0.314482,6.15113,-0.507426
6.29981,0.992139,0.314982,6.14574,-0.570796
6.30981,0.995292,0.315481,6.1397,-0.636934
6.31981,0.998449,0.31598,6.13299,-0.706174
6.32981,1.00161,0.31648,6.12557,-0.778841
6.33981,1.00478,0.31698,6.1174,-0.855281
6.34981,1.00795,0.317481,6.10845,-0.935866
6.35981,1.01113,0.317981,6.09867,-1.02097
6.36981,1.01431,0.318482,6.08802,-1.111
6.37981,1.0175,0.318982,6.07643,-1.20638
6.38981,1.02069,0.319481,6.06387,-1.30757
6.39981,1.02389,0.319981,6.05026,-1.41502
6.40981,1.02709,0.32048,6.03555,-1.52922
6.41981,1.03029,0.320981,6.01965,-1.65071
6.42981,1.03351,0.321481,6.00251,-1.78003
6.43981,1.03672,0.321982,5.98403,-1.91775
6.44981,1.03995,0.322482,5.96412,-2.06447
6.45981,1.04317,0.322981,5.94271,-2.22081
6.46981,1.04641,0.32348,5.91968,-2.38743
6.47981,1.04964,0.323977,5.89492,-2.56503
6.48981,1.05289,0.324477,5.86834,-2.7543
6.49981,1.05613,0.324975,5.8398,-2.95596
6.50981,1.05939,0.325476,5.80918,-3.17072
6.51981,1.06264,0.325977,5.77634,-3.39937
6.52981,1.06591,0.326478,5.74114,-3.64263
6.53981,1.06917,0.326978,5.70344,-3.90123
6.54981,1.07245,0.327478,5.66307,-4.17589
6.55981,1.07572,0.327974,5.61987,-4.46724
6.56981,1.07901,0.328473,5.57367,-4.77591
6.57981,1.08229,0.328974,5.52429,-5.10244
6.58981,1.08559,0.329472,5.47156,-5.4472
6.59981,1.08889,0.329972,5.41529,-5.81043
6.6098,1.09219,0.330473,5.3553,-6.19212
6.6198,1.09549,0.330976,5.29139,-6.59216
6.6298,1.09881,0.331475,5.2234,-7.00999
6.6398,1.10212,0.331974,5.15114,-7.44473
6.6498,1.10544,0.332474,5.07445,-7.89512
6.6598,1.10877,0.332973,4.9932,-8.35933
6.6698,1.1121,0.333473,4.90723,-8.83508
6.6798,1.11544,0.333972,4.81647,-9.31937
6.6898,1.11878,0.334472,4.72083,-9.80859
6.6998,1.12213,0.334971,4.62029,-10.2984
6.7098,1.12548,0.335471,4.51489,-10.7837
6.7198,1.12884,0.335971,4.40466,-11.2589
6.7298,1.1322,0.336471,4.28976,-11.7176
6.7398,1.13557,0.336972,4.17039,-12.153
6.7498,1.13894,0.337471,4.04681,-12.5579
6.7598,1.14232,0.337973,3.91937,-12.925
6.7698,1.1457,0.338474,3.78847,-13.2472
6.7798,1.14908,0.338973,3.6546,-13.5179
6.7898,1.15248,0.339472,3.5183,-13.7311
6.7998,1.15587,0.339973,3.38018,-13.8819
6.8098,1.15927,0.340473,3.2409,-13.9668
6.8198,1.16268,0.340974,3.10109,-13.9837
6.8298,1.16609,0.341474,2.96145,-13.9322
6.8398,1.16951,0.341973,2.82267,-13.8136
6.8498,1.17293,0.342472,2.6854,-13.6307
6.8598,1.17636,0.342972,2.55027,-13.3877
6.8698,1.17979,0.343471,2.41784,-13.0902
6.8798,1.18323,0.343971,2.28863,-12.7443
6.8898,1.18667,0.344472,2.16309,-12.3572
6.8998,1.19012,0.344973,2.0416,-11.9359
6.9098,1.19357,0.345473,1.92447,-11.4879
6.9198,1.19702,0.345972,1.81192,-11.02
6.9298,1.20048,0.346474,1.70411,-10.5389
6.9398,1.20395,0.346975,1.60117,-10.0506
6.9498,1.20742,0.347476,1.50311,-9.56054
6.9598,1.2109,0.347975,1.40995,-9.07335
6.9698,1.21438,0.348476,1.32163,-8.59297
6.9798,1.21787,0.348976,1.23806,-8.12272
6.9898,1.22136,0.349478,1.15913,-7.66524
6.9998,1.22486,0.349978,1.0847,-7.22257
7.0098,1.22836,0.350479,1.01463,-6.7963
7.0198,1.23187,0.350979,0.948725,-6.3874
7.0298,1.23538,0.351477,0.88682,-5.99659
7.0398,1.2389,0.351977,0.828733,-5.62424
7.0498,1.24242,0.352477,0.774275,-5.27038
7.0598,1.24594,0.352978,0.723267,-4.93492
7.06979,1.24947,0.353477,0.67552,-4.61748
7.07979,1.25301,0.353976,0.630859,-4.31763
7.08979,1.25655,0.354475,0.58911,-4.03481
7.09979,1.2601,0.354975,0.550108,-3.76837
7.10979,1.26365,0.355476,0.513694,-3.51766
7.11979,1.26721,0.355976,0.479708,-3.2819
7.12979,1.27077,0.356476,0.448008,-3.06038
7.13979,1.27433,0.356976,0.418456,-2.85236
7.14979,1.27791,0.357475,0.390919,-2.65708
7.15979,1.28148,0.357976,0.365276,-2.47383
7.16979,1.28506,0.358475,0.341406,-2.30188
7.17979,1.28865,0.358975,0.319203,-2.14055
7.18979,1.29224,0.359476,0.298562,-1.98918
7.19979,1.29584,0.359976,0.279388,-1.84711
7.20979,1.29944,0.360475,0.261592,-1.71374
7.21979,1.30305,0.360975,0.245088,-1.58848
7.22979,1.30666,0.361475,0.229798,-1.47076
7.23979,1.31028,0.361974,0.21565,-1.36006
7.24979,1.3139,0.362474,0.202575,-1.25587
7.25979,1.31753,0.362974,0.190513,-1.15771
7.26979,1.32116,0.363473,0.179403,-1.06512
7.27979,1.3248,0.363973,0.169193,-0.97766
7.28979,1.32844,0.364473,0.159834,-0.894925
7.29979,1.33208,0.364973,0.15128,-0.816519
7.30979,1.33573,0.365471,0.143491,-0.742077
7.31979,1.33939,0.36597,0.136427,-0.671227
7.32979,1.34305,0.366471,0.130056,-0.603637
7.33979,1.34672,0.366972,0.124345,-0.538983
7.34979,1.35039,0.367472,0.119267,-0.476949
7.35979,1.35407,0.367972,0.114798,-0.41724
7.36979,1.35775,0.368471,0.110916,-0.359559
7.37979,1.36144,0.368973,0.107601,-0.30363
7.38979,1.36513,0.369472,0.104838,-0.249181
7.39979,1.36883,0.369973,0.102614,-0.195947
7.40979,1.37253,0.370473,0.100916,-0.143674
7.41979,1.37624,0.370974,0.099738,-0.092096
7.42979,1.37995,0.371474,0.0990729,-0.0409677
7.43979,1.38367,0.371974,0.0989179,0.00995873
7.44979,1.38739,0.372475,0.0992722,0.0609357
7.45979,1.39112,0.372975,0.100138,0.112207
7.46979,1.39485,0.373475,0.101518,0.164028
7.47979,1.39858,0.373976,0.103421,0.21665
7.48979,1.40232,0.374477,0.105855,0.270328
7.49979,1.40607,0.374977,0.108831,0.325324
7.50979,1.40982,0.375475,0.112366,0.3819
7.51979,1.41358,0.375975,0.116475,0.440341
7.52979,1.41734,0.376475,0.12118,0.500927
7.53979,1.42111,0.376974,0.126502,0.563948
7.54979,1.42489,0.377474,0.132467,0.629713
7.55979,1.42866,0.377976,0.139106,0.698534
7.56978,1.43244,0.378475,0.146449,0.770749
7.57978,1.43623,0.378975,0.154533,0.846702
7.58978,1.44002,0.379473,0.163397,0.926756
7.59978,1.44382,0.379974,0.173083,1.01129
7.60978,1.44762,0.380474,0.183637,1.1007
7.61978,1.45143,0.380973,0.195113,1.19542
7.62978,1.45524,0.381472,0.207565,1.29588
7.63978,1.45906,0.381973,0.221051,1.40256
7.64978,1.46288,0.382473,0.235638,1.51594
7.65978,1.46671,0.382972,0.251393,1.63654
7.66978,1.47054,0.383473,0.268393,1.7649
7.67978,1.47438,0.383971,0.286719,1.90161
7.68978,1.47822,0.384469,0.306455,2.04724
7.69978,1.48207,0.38497,0.327695,2.20243
7.70978,1.48592,0.38547,0.350535,2.36782
7.71978,1.48978,0.385969,0.375086,2.54411
7.72978,1.49364,0.38647,0.401456,2.73198
7.73978,1.49751,0.38697,0.429765,2.93214
7.74978,1.50138,0.38747,0.460141,3.14536
7.75978,1.50526,0.38797,0.492716,3.37235
7.76978,1.50914,0.38847,0.527634,3.61387
7.77978,1.51303,0.38897,0.565043,3.87066
7.78978,1.51692,0.38947,0.6051,4.14342
7.79978,1.52082,0.389967,0.647967,4.43283
7.80978,1.52472,0.390468,0.69381,4.73947
7.81978,1.52863,0.390967,0.742812,5.06391
7.82978,1.53254,0.391469,0.795148,5.40655
7.83978,1.53646,0.391968,0.851001,5.76761
7.84978,1.54038,0.392468,0.91056,6.14721
7.85978,1.54431,0.392969,0.974003,6.54513
7.86978,1.54824,0.393469,1.04152,6.96093
7.87978,1.55218,0.393971,1.11328,7.39379
7.88978,1.55612,0.39447,1.18945,7.84245
7.89978,1.56007,0.394971,1.27017,8.3052
7.90978,1.56402,0.395473,1.35558,8.77972
7.91978,1.56798,0.395973,1.44579,9.2632
7.92978,1.57194,0.396474,1.54086,9.75206
7.93978,1.57591,0.396974,1.64083,10.242
7.94978,1.57988,0.397472,1.74568,10.7282
7.95978,1.58386,0.397973,1.85535,11.2048
7.96978,1.58784,0.398472,1.96972,11.6658
7.97978,1.59183,0.398972,2.08859,12.1042
7.98978,1.59582,0.399472,2.21171,12.513
7.99978,1.59982,0.399973,2.33873,12.8849
8.00978,1.60382,0.400474,2.46925,13.2126
8.01978,1.60783,0.400975,2.6028,13.4896
8.02978,1.61184,0.401474,2.73885,13.7096
8.03978,1.61585,0.401973,2.87678,13.8679
8.04978,1.61988,0.402474,3.01598,13.9605
8.05977,1.6239,0.402975,3.15576,13.9853
8.06977,1.62794,0.403474,3.29545,13.9417
8.07977,1.63197,0.403973,3.43436,13.8307
8.08977,1.63602,0.404474,3.57184,13.655
8.09977,1.64006,0.404975,3.70726,13.4187
8.10977,1.64411,0.405476,3.84002,13.1272
8.11977,1.64817,0.405975,3.96963,12.7865
8.12977,1.65224,0.406474,4.09561,12.4038
8.13977,1.6563,0.406974,4.21758,11.9861
8.14977,1.66037,0.407473,4.33524,11.5408
8.15977,1.66445,0.407972,4.44833,11.0749
8.16977,1.66853,0.408473,4.55668,10.595
8.17977,1.67262,0.408973,4.6602,10.1072
8.18977,1.67671,0.409473,4.75882,9.61709
8.19977,1.68081,0.409972,4.85255,9.12932
8.20977,1.68491,0.410471,4.94142,8.64801
8.21977,1.68902,0.41097,5.02553,8.17645
8.22977,1.69313,0.411469,5.10499,7.71738
8.23977,1.69725,0.411969,5.17993,7.27294
8.24977,1.70137,0.412468,5.2505,6.84468
8.25977,1.7055,0.412969,5.31688,6.43375
8.26977,1.70963,0.413469,5.37923,6.04084
8.27977,1.71377,0.41397,5.43775,5.66634
8.28977,1.71791,0.414469,5.49262,5.31036
8.29977,1.72205,0.414969,5.54402,4.97277
8.30977,1.72621,0.415469,5.59213,4.65331
8.31977,1.73036,0.41597,5.63714,4.35146
8.32977,1.73452,0.416469,5.67922,4.06671
8.33977,1.73869,0.416969,5.71853,3.79844
8.34977,1.74286,0.41747,5.75524,3.54593
8.35977,1.74704,0.41797,5.7895,3.3085
8.36977,1.75122,0.41847,5.82146,3.08539
8.37977,1.75541,0.41897,5.85125,2.87585
8.38977,1.7596,0.41947,5.87902,2.67915
8.39977,1.7638,0.419969,5.90487,2.49455
8.40977,1.768,0.420467,5.92894,2.32136
8.41977,1.77221,0.420969,5.95134,2.15886
8.42977,1.77642,0.421469,5.97215,2.00638
8.43977,1.78064,0.42197,5.99149,1.86329
8.44977,1.78486,0.42247,6.00945,1.72896
8.45977,1.78909,0.42297,6.0261,1.60281
8.46977,1.79332,0.423472,6.04153,1.48427
8.47977,1.79756,0.423973,6.05581,1.37281
8.48977,1.8018,0.424474,6.06901,1.26791
8.49977,1.80605,0.424975,6.08119,1.1691
8.50977,1.8103,0.425476,6.09241,1.07592
8.51977,1.81456,0.425975,6.10272,0.987917
8.52977,1.81882,0.426475,6.11218,0.904687
8.53977,1.82309,0.426974,6.12083,0.825838
8.54977,1.82736,0.427474,6.12871,0.750985
8.55976,1.83163,0.427975,6.13586,0.679778
8.56976,1.83592,0.428475,6.14232,0.61187
8.57976,1.8402,0.428977,6.14811,0.546935
8.58976,1.8445,0.429477,6.15326,0.484659
8.59976,1.84879,0.429978,6.15781,0.424743
8.60976,1.85309,0.430479,6.16177,0.3669
8.61976,1.8574,0.430978,6.16515,0.310839
8.62976,1.86171,0.431478,6.16799,0.256294
8.63976,1.86603,0.431978,6.17028,0.203001
8.64976,1.87035,0.432478,6.17205,0.150695
8.65976,1.87468,0.432979,6.1733,0.0991267
8.66976,1.87901,0.43348,6.17404,0.0480406
8.67976,1.88334,0.433981,6.17426,-0.00281218
8.68976,1.88768,0.434482,6.17398,-0.0536786
8.69976,1.89203,0.43498,6.17319,-0.104807
8.70976,1.89638,0.435481,6.17188,-0.156442
8.71976,1.90074,0.435982,6.17006,-0.208845
8.72976,1.9051,0.43648,6.1677,-0.262266
8.73976,1.90947,0.43698,6.16481,-0.316963
8.74976,1.91384,0.43748,6.16136,-0.373207
8.75976,1.91822,0.437981,6.15734,-0.431267
8.76976,1.9226,0.438482,6.15272,-0.491429
8.77976,1.92699,0.438982,6.1475,-0.553983
8.78976,1.93138,0.439482,6.14164,-0.619231
8.79976,1.93578,0.439984,6.13511,-0.687489
8.80976,1.94018,0.440484,6.12788,-0.759079
8.81976,1.94459,0.440983,6.11991,-0.834356
8.82976,1.949,0.441483,6.11118,-0.913674
8.83976,1.95342,0.441985,6.10162,-0.997407
8.84976,1.95784,0.442487,6.09121,-1.08596
8.85976,1.96227,0.442988,6.07989,-1.17974
8.86976,1.9667,0.443487,6.0676,-1.2792
8.87976,1.97114,0.443989,6.05428,-1.3848
8.88976,1.97558,0.444488,6.03988,-1.49702
8.89976,1.98003,0.444987,6.02432,-1.61637
8.90976,1.98448,0.445487,6.00753,-1.74339
8.91976,1.98894,0.445987,5.98943,-1.87866
8.92976,1.9934,0.446487,5.96993,-2.02276
8.93976,1.99787,0.446988,5.94894,-2.17631
8.94976,2.00234,0.447488,5.92637,-2.33996
8.95976,2.00681,0.44799,5.90211,-2.51438
8.96976,2.0113,0.448488,5.87604,-2.70027
8.97976,2.01579,0.448987,5.84806,-2.89836
8.98976,2.02028,0.449487,5.81803,-3.10936
8.99976,2.02478,0.449986,5.78583,-3.33402
9.00976,2.02928,0.450485,5.75131,-3.57307
9.01976,2.03378,0.450984,5.71432,-3.82728
9.02976,2.0383,0.451484,5.67471,-4.09735
9.03976,2.04281,0.451984,5.63232,-4.38394
9.04976,2.04734,0.452484,5.58698,-4.68771
9.05975,2.05186,0.452985,5.53851,-5.00917
9.06975,2.0564,0.453487,5.48674,-5.34876
9.07975,2.06093,0.453987,5.43147,-5.70678
9.08975,2.06548,0.454487,5.37254,-6.08333
9.09975,2.07002,0.454988,5.30975,-6.47826
9.10975,2.07458,0.455488,5.24292,-6.89113
9.11975,2.07914,0.455989,5.17187,-7.32124
9.12975,2.0837,0.456487,5.09644,-7.7674
9.13975,2.08827,0.456988,5.01648,-8.22793
9.14975,2.09284,0.457487,4.93185,-8.70072
9.15975,2.09742,0.457986,4.84244,-9.18293
9.16975,2.102,0.458485,4.74818,-9.67116
9.17975,2.10659,0.458984,4.64901,-10.1613
9.18975,2.11118,0.459483,4.54496,-10.6484
9.19975,2.11578,0.459982,4.43607,-11.1271
9.20975,2.12038,0.460483,4.32248,-11.5911
9.21975,2.12499,0.460982,4.20433,-12.0337
9.22975,2.1296,0.461484,4.0819,-12.4479
9.23975,2.13422,0.461985,3.9555,-12.8263
9.24975,2.13884,0.462485,3.82552,-13.1619
9.25975,2.14347,0.462984,3.69243,-13.4477
9.26975,2.1481,0.463484,3.55676,-13.6775
9.27975,2.15274,0.463985,3.41909,-13.8462
9.28975,2.15738,0.464485,3.28006,-13.9499
9.29975,2.16203,0.464985,3.14032,-13.986
9.30975,2.16668,0.465486,3.00057,-13.9536
9.31975,2.17134,0.465986,2.86148,-13.8536
9.32975,2.176,0.466487,2.72372,-13.6884
9.33975,2.18067,0.466986,2.58793,-13.4618
9.34975,2.18534,0.467485,2.45468,-13.1789
9.35975,2.19002,0.467987,2.32452,-12.8459
9.36975,2.1947,0.468487,2.19791,-12.4697
9.37975,2.19939,0.468987,2.07525,-12.0573
9.38975,2.20408,0.469485,1.95686,-11.616
9.39975,2.20877,0.469985,1.843,-11.153
9.40975,2.21348,0.470486,1.73386,-10.675
9.41975,2.21818,0.470985,1.62954,-10.1881
9.42975,2.2229,0.471486,1.53011,-9.69804
9.43975,2.22762,0.471984,1.43558,-9.20961
9.44975,2.23234,0.472484,1.3459,-8.72696
9.45975,2.23706,0.472985,1.26101,-8.25359
9.46975,2.24179,0.473485,1.1808,-7.79231
9.47975,2.24653,0.473987,1.10512,-7.34532
9.48975,2.25127,0.474487,1.03384,-6.9143
9.49975,2.25602,0.474987,0.966776,-6.50043
9.50975,2.26077,0.475488,0.903771,-6.10454
9.51975,2.26553,0.475987,0.844629,-5.72698
9.52975,2.27029,0.476485,0.789169,-5.36795
9.53975,2.27506,0.476985,0.737211,-5.02737
9.54975,2.27983,0.477486,0.688564,-4.70492
9.55974,2.28461,0.477985,0.643055,-4.40021
9.56974,2.28939,0.478485,0.600505,-4.1127
9.57974,2.29417,0.478985,0.560746,-3.84175
9.58974,2.29897,0.479485,0.523617,-3.58669
9.59974,2.30376,0.479985,0.488962,-3.34682
9.60974,2.30856,0.480485,0.456634,-3.12142
9.61974,2.31337,0.480984,0.42649,-2.9097
9.62974,2.31818,0.481483,0.398397,-2.71094
9.63974,2.323,0.481983,0.372232,-2.52442
9.64974,2.32782,0.482483,0.347872,-2.34939
9.65974,2.33265,0.482983,0.325209,-2.18519
9.66974,2.33748,0.483484,0.304136,-2.03111
9.67974,2.34232,0.483984,0.284555,-1.88653
9.68974,2.34716,0.484485,0.266375,-1.75081
9.69974,2.35201,0.484985,0.249511,-1.62336
9.70974,2.35686,0.485485,0.233883,-1.50363
9.71974,2.36172,0.485986,0.219416,-1.39106
9.72974,2.36658,0.486487,0.20604,-1.28513
9.73974,2.37145,0.486989,0.193693,-1.18538
9.74974,2.37632,0.487489,0.182314,-1.09132
9.75974,2.38119,0.48799,0.17185,-1.00252
9.76974,2.38608,0.48849,0.162248,-0.918563
9.77974,2.39097,0.48899,0.153464,-0.839046
9.78974,2.39586,0.489491,0.145454,-0.763592
9.79974,2.40076,0.48999,0.138179,-0.691842
9.80974,2.40566,0.49049,0.131606,-0.623455
9.81974,2.41057,0.49099,0.125701,-0.558093
9.82974,2.41548,0.49149,0.120435,-0.495445
9.83974,2.4204,0.49199,0.115784,-0.435213
9.84974,2.42532,0.49249,0.111724,-0.377095
9.85974,2.43025,0.492992,0.108236,-0.320817
9.86974,2.43518,0.49349,0.105302,-0.266102
9.87974,2.44011,0.493991,0.102909,-0.212683
9.88974,2.44506,0.494489,0.101045,-0.160301
9.89974,2.45,0.494989,0.0997008,-0.108701
9.90974,2.45496,0.495488,0.0988694,-0.057635
9.91974,2.45991,0.495988,0.0985471,-0.00684641
9.92974,2.46488,0.496488,0.0987324,0.0439087
9.93974,2.46984,0.496988,0.0994259,0.0948746
9.94974,2.47482,0.497488,0.100631,0.146307
9.95974,2.47979,0.497988,0.102354,0.198451
9.96974,2.48478,0.498486,0.104603,0.251562
9.97974,2.48976,0.498986,0.10739,0.305902
9.98974,2.49475,0.499486,0.110726,0.361734
9.99974,2.49975,0.499985,0.11463,0.419327
